id_viewed;race_viewed;channel_viewed;unique_social_media_handles;province_viewed;gender_viewed;age_viewed;most_viewed_channel;duration_time
1;indian_asian;1;1;Western Cape;male;42;ICC Cricket World Cup 2011;2025-11-18T11:29:28.000Z
1;None;1;1;Mpumalanga;male;46;CNN;2025-11-18T07:24:22.000Z
1;indian_asian;1;1;Gauteng;male;34;ICC Cricket World Cup 2011;2025-11-18T05:01:12.000Z
1;None;1;1;Western Cape;female;36;Supersport Live Events;2025-11-18T04:49:00.000Z
1;None;1;1;Kwazulu Natal;female;47;ICC Cricket World Cup 2011;2025-11-18T04:36:12.000Z
1;coloured;1;1;Eastern Cape;male;30;Channel O;2025-11-18T04:17:48.000Z
1;white;1;1;Gauteng;male;47;Supersport Live Events;2025-11-18T04:10:46.000Z
1;indian_asian;1;1;Mpumalanga;male;26;ICC Cricket World Cup 2011;2025-11-18T04:03:26.000Z
1;None;1;1;Western Cape;male;32;Trace TV;2025-11-18T03:44:33.000Z
1;white;1;1;Gauteng;male;34;Supersport Live Events;2025-11-18T03:38:48.000Z
1;indian_asian;1;1;Limpopo;male;26;Supersport Live Events;2025-11-18T03:36:14.000Z
1;coloured;1;1;Western Cape;male;28;Boomerang;2025-11-18T03:32:21.000Z
1;black;1;1;Gauteng;male;27;ICC Cricket World Cup 2011;2025-11-18T03:31:10.000Z
1;indian_asian;1;1;Gauteng;male;30;ICC Cricket World Cup 2011;2025-11-18T03:29:46.000Z
1;white;1;1;Gauteng;male;32;Supersport Live Events;2025-11-18T03:23:40.000Z
1;black;1;1;Mpumalanga;female;18;Trace TV;2025-11-18T03:14:54.000Z
1;black;1;1;Kwazulu Natal;male;30;Trace TV;2025-11-18T03:14:51.000Z
1;black;1;1;Gauteng;male;27;Trace TV;2025-11-18T03:12:51.000Z
1;coloured;1;1;Western Cape;male;43;Supersport Live Events;2025-11-18T03:12:10.000Z
1;white;1;1;Gauteng;male;30;Supersport Live Events;2025-11-18T03:06:58.000Z
1;indian_asian;1;1;Eastern Cape;male;29;ICC Cricket World Cup 2011;2025-11-18T03:05:14.000Z
1;black;1;1;Eastern Cape;male;23;Trace TV;2025-11-18T03:04:39.000Z
1;black;1;1;Kwazulu Natal;female;24;Trace TV;2025-11-18T03:03:39.000Z
1;coloured;1;1;Western Cape;male;30;ICC Cricket World Cup 2011;2025-11-18T03:02:30.000Z
1;indian_asian;1;1;Limpopo;male;32;ICC Cricket World Cup 2011;2025-11-18T03:01:14.000Z
1;white;1;1;Western Cape;male;27;ICC Cricket World Cup 2011;2025-11-18T03:01:12.000Z
1;black;1;1;Free State;male;46;Trace TV;2025-11-18T02:59:36.000Z
1;coloured;1;1;Kwazulu Natal;female;10;Trace TV;2025-11-18T02:59:03.000Z
1;coloured;1;1;Eastern Cape;male;30;Boomerang;2025-11-18T02:58:13.000Z
1;indian_asian;1;1;Gauteng;male;33;ICC Cricket World Cup 2011;2025-11-18T02:55:22.000Z
1;black;1;1;Kwazulu Natal;male;26;Channel O;2025-11-18T02:47:51.000Z
1;black;1;1;Kwazulu Natal;male;48;ICC Cricket World Cup 2011;2025-11-18T02:47:30.000Z
1;black;1;1;Kwazulu Natal;male;32;Supersport Live Events;2025-11-18T02:45:30.000Z
1;indian_asian;1;1;Gauteng;male;28;ICC Cricket World Cup 2011;2025-11-18T02:45:28.000Z
1;indian_asian;1;1;Eastern Cape;male;25;ICC Cricket World Cup 2011;2025-11-18T02:45:12.000Z
1;indian_asian;1;1;Limpopo;male;41;ICC Cricket World Cup 2011;2025-11-18T02:43:34.000Z
1;coloured;1;1;Gauteng;male;38;Supersport Live Events;2025-11-18T02:40:10.000Z
1;black;1;1;Gauteng;male;42;ICC Cricket World Cup 2011;2025-11-18T02:35:02.000Z
1;None;1;1;Gauteng;male;47;Trace TV;2025-11-18T02:33:45.000Z
1;coloured;1;1;Western Cape;male;49;Channel O;2025-11-18T02:31:57.000Z
1;None;1;1;Western Cape;male;39;ICC Cricket World Cup 2011;2025-11-18T02:31:36.000Z
1;black;1;1;Gauteng;male;34;Channel O;2025-11-18T02:28:15.000Z
1;black;1;1;Gauteng;male;30;Channel O;2025-11-18T02:27:57.000Z
1;indian_asian;1;1;Eastern Cape;male;27;ICC Cricket World Cup 2011;2025-11-18T02:26:14.000Z
1;black;1;1;Free State;male;29;Trace TV;2025-11-18T02:24:54.000Z
1;indian_asian;1;1;Limpopo;male;26;ICC Cricket World Cup 2011;2025-11-18T02:24:50.000Z
1;black;1;1;Mpumalanga;male;27;Trace TV;2025-11-18T02:24:03.000Z
1;black;1;1;Kwazulu Natal;male;43;Supersport Live Events;2025-11-18T02:21:52.000Z
1;coloured;1;1;Western Cape;male;43;ICC Cricket World Cup 2011;2025-11-18T02:21:18.000Z
1;coloured;1;1;Western Cape;male;51;CNN;2025-11-18T02:19:32.000Z
1;indian_asian;1;1;Gauteng;male;38;ICC Cricket World Cup 2011;2025-11-18T02:19:30.000Z
1;black;1;1;North West;male;34;Channel O;2025-11-18T02:16:00.000Z
1;coloured;1;1;Kwazulu Natal;male;42;ICC Cricket World Cup 2011;2025-11-18T02:15:40.000Z
1;indian_asian;1;1;Mpumalanga;male;29;ICC Cricket World Cup 2011;2025-11-18T02:13:08.000Z
1;black;1;1;Kwazulu Natal;male;45;SuperSport Blitz;2025-11-18T02:10:18.000Z
1;indian_asian;1;1;Free State;male;37;ICC Cricket World Cup 2011;2025-11-18T02:10:02.000Z
1;white;1;1;Gauteng;female;38;Supersport Live Events;2025-11-18T02:09:56.000Z
1;coloured;1;1;Western Cape;female;27;ICC Cricket World Cup 2011;2025-11-18T02:09:56.000Z
1;coloured;1;1;Western Cape;female;42;ICC Cricket World Cup 2011;2025-11-18T02:09:56.000Z
1;None;1;1;None;None;0;ICC Cricket World Cup 2011;2025-11-18T02:09:56.000Z
1;white;1;1;Gauteng;male;30;ICC Cricket World Cup 2011;2025-11-18T02:09:54.000Z
1;indian_asian;1;1;Kwazulu Natal;male;26;ICC Cricket World Cup 2011;2025-11-18T02:09:54.000Z
1;None;1;1;Gauteng;male;67;ICC Cricket World Cup 2011;2025-11-18T02:09:54.000Z
1;white;1;1;Kwazulu Natal;male;30;Supersport Live Events;2025-11-18T02:09:52.000Z
1;coloured;1;1;Western Cape;male;52;SuperSport Blitz;2025-11-18T02:09:52.000Z
1;black;1;1;Kwazulu Natal;male;35;Channel O;2025-11-18T02:09:51.000Z
1;indian_asian;1;1;Kwazulu Natal;male;40;Supersport Live Events;2025-11-18T02:09:50.000Z
1;indian_asian;1;1;Free State;male;26;ICC Cricket World Cup 2011;2025-11-18T02:09:50.000Z
1;white;1;1;Gauteng;male;53;Supersport Live Events;2025-11-18T02:09:48.000Z
1;None;1;1;Gauteng;male;39;Supersport Live Events;2025-11-18T02:09:26.000Z
1;None;1;1;None;None;0;ICC Cricket World Cup 2011;2025-11-18T02:08:36.000Z
1;white;1;1;Gauteng;male;21;Supersport Live Events;2025-11-18T02:08:30.000Z
1;indian_asian;1;1;Eastern Cape;male;33;Supersport Live Events;2025-11-18T02:08:20.000Z
1;None;1;1;Western Cape;male;32;ICC Cricket World Cup 2011;2025-11-18T02:07:58.000Z
1;black;1;1;Gauteng;male;35;Supersport Live Events;2025-11-18T02:07:58.000Z
1;indian_asian;1;1;Gauteng;male;31;Supersport Live Events;2025-11-18T02:07:44.000Z
1;white;1;1;Gauteng;female;34;Supersport Live Events;2025-11-18T02:07:44.000Z
1;white;1;1;Gauteng;male;30;Supersport Live Events;2025-11-18T02:07:04.000Z
1;indian_asian;1;1;Gauteng;male;49;ICC Cricket World Cup 2011;2025-11-18T02:07:02.000Z
1;white;1;1;Western Cape;male;51;ICC Cricket World Cup 2011;2025-11-18T02:06:26.000Z
1;indian_asian;1;1;Eastern Cape;male;9;ICC Cricket World Cup 2011;2025-11-18T02:06:24.000Z
1;black;1;1;Gauteng;male;27;Channel O;2025-11-18T02:05:42.000Z
1;coloured;1;1;Western Cape;male;33;Trace TV;2025-11-18T02:05:33.000Z
1;black;1;1;Gauteng;male;31;ICC Cricket World Cup 2011;2025-11-18T02:05:26.000Z
1;white;1;1;Western Cape;male;30;ICC Cricket World Cup 2011;2025-11-18T02:05:22.000Z
1;black;1;1;Gauteng;male;32;Channel O;2025-11-18T02:04:45.000Z
1;black;1;1;Gauteng;male;28;Trace TV;2025-11-18T02:03:12.000Z
1;black;1;1;Western Cape;male;38;Supersport Live Events;2025-11-18T02:03:00.000Z
1;black;1;1;North West;male;25;Channel O;2025-11-18T02:02:57.000Z
1;coloured;1;1;Gauteng;male;21;Trace TV;2025-11-18T02:02:54.000Z
1;indian_asian;1;1;Gauteng;male;32;ICC Cricket World Cup 2011;2025-11-18T02:02:42.000Z
1;black;1;1;North West;male;43;CNN;2025-11-18T02:01:24.000Z
1;indian_asian;1;1;Gauteng;male;32;ICC Cricket World Cup 2011;2025-11-18T02:00:58.000Z
1;indian_asian;1;1;North West;male;31;ICC Cricket World Cup 2011;2025-11-18T02:00:40.000Z
1;indian_asian;1;1;Eastern Cape;male;43;ICC Cricket World Cup 2011;2025-11-18T02:00:28.000Z
1;black;1;1;Gauteng;male;26;Channel O;2025-11-18T01:59:48.000Z
1;black;1;1;Gauteng;male;27;SuperSport Blitz;2025-11-18T01:59:48.000Z
1;black;1;1;Gauteng;male;35;Trace TV;2025-11-18T01:58:21.000Z
1;indian_asian;1;1;Kwazulu Natal;male;29;ICC Cricket World Cup 2011;2025-11-18T01:58:04.000Z
1;indian_asian;1;1;Gauteng;male;31;ICC Cricket World Cup 2011;2025-11-18T01:56:52.000Z
1;indian_asian;1;1;Eastern Cape;male;31;ICC Cricket World Cup 2011;2025-11-18T01:56:32.000Z
1;white;1;1;Western Cape;male;41;ICC Cricket World Cup 2011;2025-11-18T01:56:14.000Z
1;indian_asian;1;1;Mpumalanga;male;36;ICC Cricket World Cup 2011;2025-11-18T01:55:50.000Z
1;indian_asian;1;1;Limpopo;male;37;ICC Cricket World Cup 2011;2025-11-18T01:55:22.000Z
1;indian_asian;1;1;Gauteng;male;39;ICC Cricket World Cup 2011;2025-11-18T01:53:58.000Z
1;indian_asian;1;1;Northern Cape;male;35;ICC Cricket World Cup 2011;2025-11-18T01:53:58.000Z
1;indian_asian;1;1;Eastern Cape;male;43;ICC Cricket World Cup 2011;2025-11-18T01:53:40.000Z
1;indian_asian;1;1;Limpopo;male;27;ICC Cricket World Cup 2011;2025-11-18T01:53:26.000Z
1;other;1;1;Gauteng;male;35;ICC Cricket World Cup 2011;2025-11-18T01:52:50.000Z
1;None;1;1;None;None;0;ICC Cricket World Cup 2011;2025-11-18T01:52:46.000Z
1;indian_asian;1;1;Gauteng;male;41;ICC Cricket World Cup 2011;2025-11-18T01:51:58.000Z
1;coloured;1;1;Western Cape;male;35;SuperSport Blitz;2025-11-18T01:51:48.000Z
1;black;1;1;Western Cape;female;34;Channel O;2025-11-18T01:51:12.000Z
1;indian_asian;1;1;Gauteng;male;28;Supersport Live Events;2025-11-18T01:50:20.000Z
1;indian_asian;1;1;Gauteng;male;37;ICC Cricket World Cup 2011;2025-11-18T01:49:52.000Z
1;indian_asian;1;1;Limpopo;male;26;ICC Cricket World Cup 2011;2025-11-18T01:49:16.000Z
1;black;1;1;Gauteng;female;32;Channel O;2025-11-18T01:49:03.000Z
1;black;1;1;Free State;male;21;SuperSport Blitz;2025-11-18T01:48:38.000Z
1;black;1;1;Kwazulu Natal;male;15;Trace TV;2025-11-18T01:48:24.000Z
1;indian_asian;1;1;Gauteng;male;26;ICC Cricket World Cup 2011;2025-11-18T01:48:08.000Z
1;coloured;1;1;Western Cape;male;37;E! Entertainment;2025-11-18T01:48:04.000Z
1;indian_asian;1;1;Free State;male;9;ICC Cricket World Cup 2011;2025-11-18T01:47:28.000Z
1;white;1;1;Gauteng;male;29;ICC Cricket World Cup 2011;2025-11-18T01:47:24.000Z
1;white;1;1;Gauteng;male;44;Supersport Live Events;2025-11-18T01:47:06.000Z
1;indian_asian;1;1;Gauteng;male;34;E! Entertainment;2025-11-18T01:47:02.000Z
1;black;1;1;Gauteng;male;26;Channel O;2025-11-18T01:47:00.000Z
1;coloured;1;1;Western Cape;male;35;Supersport Live Events;2025-11-18T01:44:38.000Z
1;indian_asian;1;1;Gauteng;male;28;ICC Cricket World Cup 2011;2025-11-18T01:44:04.000Z
1;white;1;1;Western Cape;male;41;Supersport Live Events;2025-11-18T01:43:36.000Z
1;None;1;1;Gauteng;male;29;ICC Cricket World Cup 2011;2025-11-18T01:42:58.000Z
1;indian_asian;1;1;Mpumalanga;female;25;Supersport Live Events;2025-11-18T01:42:12.000Z
1;black;1;1;Kwazulu Natal;male;39;Channel O;2025-11-18T01:42:03.000Z
1;indian_asian;1;1;Mpumalanga;male;31;ICC Cricket World Cup 2011;2025-11-18T01:41:50.000Z
1;indian_asian;1;1;Mpumalanga;male;40;Supersport Live Events;2025-11-18T01:41:46.000Z
1;black;1;1;Kwazulu Natal;male;32;Supersport Live Events;2025-11-18T01:41:28.000Z
1;coloured;1;1;Gauteng;male;28;Channel O;2025-11-18T01:40:36.000Z
1;black;1;1;Eastern Cape;male;45;Trace TV;2025-11-18T01:40:18.000Z
1;indian_asian;1;1;Gauteng;male;29;Supersport Live Events;2025-11-18T01:40:10.000Z
1;black;1;1;Gauteng;male;31;Supersport Live Events;2025-11-18T01:39:58.000Z
1;indian_asian;1;1;Limpopo;male;25;ICC Cricket World Cup 2011;2025-11-18T01:39:52.000Z
1;black;1;1;Limpopo;male;36;SuperSport Blitz;2025-11-18T01:39:50.000Z
1;indian_asian;1;1;Gauteng;male;32;Supersport Live Events;2025-11-18T01:39:42.000Z
1;None;1;1;None;None;0;Channel O;2025-11-18T01:39:24.000Z
1;indian_asian;1;1;Western Cape;male;39;Supersport Live Events;2025-11-18T01:39:20.000Z
1;None;1;1;Mpumalanga;male;34;ICC Cricket World Cup 2011;2025-11-18T01:38:10.000Z
1;black;1;1;Western Cape;male;38;Channel O;2025-11-18T01:36:39.000Z
1;indian_asian;1;1;Gauteng;male;32;ICC Cricket World Cup 2011;2025-11-18T01:36:04.000Z
1;indian_asian;1;1;Gauteng;male;41;Supersport Live Events;2025-11-18T01:36:04.000Z
1;black;1;1;Northern Cape;male;33;Channel O;2025-11-18T01:35:57.000Z
1;coloured;1;1;Western Cape;male;36;Cartoon Network;2025-11-18T01:35:20.000Z
1;coloured;1;1;Western Cape;male;47;Supersport Live Events;2025-11-18T01:35:10.000Z
1;black;1;1;Gauteng;male;39;CNN;2025-11-18T01:35:01.000Z
1;None;1;1;None;None;0;Boomerang;2025-11-18T01:34:56.000Z
1;coloured;1;1;Eastern Cape;male;29;Supersport Live Events;2025-11-18T01:34:24.000Z
1;black;1;1;Gauteng;male;25;Channel O;2025-11-18T01:34:15.000Z
1;indian_asian;1;1;Gauteng;male;30;Supersport Live Events;2025-11-18T01:33:50.000Z
1;indian_asian;1;1;Gauteng;male;31;Supersport Live Events;2025-11-18T01:33:12.000Z
1;indian_asian;1;1;Gauteng;male;29;ICC Cricket World Cup 2011;2025-11-18T01:32:40.000Z
1;black;1;1;Western Cape;male;34;Trace TV;2025-11-18T01:32:36.000Z
1;black;1;1;Eastern Cape;female;32;Cartoon Network;2025-11-18T01:32:32.000Z
1;None;1;1;None;None;0;Supersport Live Events;2025-11-18T01:32:30.000Z
1;None;1;1;None;None;0;ICC Cricket World Cup 2011;2025-11-18T01:32:18.000Z
1;indian_asian;1;1;Gauteng;male;32;ICC Cricket World Cup 2011;2025-11-18T01:32:08.000Z
1;coloured;1;1;Western Cape;male;59;Supersport Live Events;2025-11-18T01:32:04.000Z
1;indian_asian;1;1;Limpopo;male;29;ICC Cricket World Cup 2011;2025-11-18T01:31:38.000Z
1;indian_asian;1;1;Free State;male;9;ICC Cricket World Cup 2011;2025-11-18T01:31:36.000Z
1;white;1;1;Mpumalanga;male;26;Supersport Live Events;2025-11-18T01:31:14.000Z
1;black;1;1;North West;male;23;E! Entertainment;2025-11-18T01:31:08.000Z
1;None;1;1;Gauteng;male;42;Supersport Live Events;2025-11-18T01:30:44.000Z
1;None;1;1;None;None;0;ICC Cricket World Cup 2011;2025-11-18T01:30:34.000Z
1;indian_asian;1;1;Free State;male;9;ICC Cricket World Cup 2011;2025-11-18T01:30:26.000Z
1;indian_asian;1;1;Kwazulu Natal;male;48;ICC Cricket World Cup 2011;2025-11-18T01:30:24.000Z
1;coloured;1;1;Eastern Cape;male;20;Supersport Live Events;2025-11-18T01:30:12.000Z
1;indian_asian;1;1;Kwazulu Natal;male;28;Trace TV;2025-11-18T01:29:54.000Z
1;indian_asian;1;1;Gauteng;male;24;ICC Cricket World Cup 2011;2025-11-18T01:29:52.000Z
1;white;1;1;Western Cape;male;31;Supersport Live Events;2025-11-18T01:29:32.000Z
1;black;1;1;Kwazulu Natal;female;37;Channel O;2025-11-18T01:29:18.000Z
1;coloured;1;1;Western Cape;male;22;Supersport Live Events;2025-11-18T01:29:08.000Z
1;black;1;1;Mpumalanga;male;29;Supersport Live Events;2025-11-18T01:28:56.000Z
1;black;1;1;Eastern Cape;male;23;Supersport Live Events;2025-11-18T01:28:34.000Z
1;None;1;1;Eastern Cape;female;11;Trace TV;2025-11-18T01:28:33.000Z
1;coloured;1;1;Western Cape;male;49;ICC Cricket World Cup 2011;2025-11-18T01:28:08.000Z
1;white;1;1;Gauteng;male;30;ICC Cricket World Cup 2011;2025-11-18T01:27:58.000Z
1;black;1;1;Northern Cape;female;25;Trace TV;2025-11-18T01:27:45.000Z
1;other;1;1;Western Cape;male;26;Trace TV;2025-11-18T01:27:36.000Z
1;None;1;1;Mpumalanga;male;31;Supersport Live Events;2025-11-18T01:27:28.000Z
1;None;1;1;Mpumalanga;male;46;CNN;2025-11-18T01:27:09.000Z
1;indian_asian;1;1;Gauteng;male;26;ICC Cricket World Cup 2011;2025-11-18T01:27:00.000Z
1;coloured;1;1;Western Cape;male;36;Supersport Live Events;2025-11-18T01:26:02.000Z
1;None;1;1;Gauteng;female;34;E! Entertainment;2025-11-18T01:26:00.000Z
1;black;1;1;Free State;male;46;Channel O;2025-11-18T01:25:36.000Z
1;indian_asian;1;1;Western Cape;male;19;ICC Cricket World Cup 2011;2025-11-18T01:25:30.000Z
1;indian_asian;1;1;Gauteng;male;28;ICC Cricket World Cup 2011;2025-11-18T01:25:26.000Z
1;indian_asian;1;1;Gauteng;male;28;ICC Cricket World Cup 2011;2025-11-18T01:24:50.000Z
1;black;1;1;Gauteng;male;28;Trace TV;2025-11-18T01:24:45.000Z
1;indian_asian;1;1;Eastern Cape;male;42;ICC Cricket World Cup 2011;2025-11-18T01:24:28.000Z
1;None;1;1;Eastern Cape;male;41;Channel O;2025-11-18T01:24:27.000Z
1;indian_asian;1;1;Gauteng;male;36;ICC Cricket World Cup 2011;2025-11-18T01:24:24.000Z
1;white;1;1;Gauteng;male;44;Supersport Live Events;2025-11-18T01:24:20.000Z
1;coloured;1;1;Western Cape;male;43;Supersport Live Events;2025-11-18T01:23:54.000Z
1;black;1;1;Mpumalanga;male;40;Channel O;2025-11-18T01:23:39.000Z
1;black;1;1;Gauteng;female;32;Supersport Live Events;2025-11-18T01:23:32.000Z
1;indian_asian;1;1;Gauteng;male;26;ICC Cricket World Cup 2011;2025-11-18T01:23:32.000Z
1;black;1;1;Mpumalanga;male;42;Cartoon Network;2025-11-18T01:23:31.000Z
1;coloured;1;1;Western Cape;female;33;ICC Cricket World Cup 2011;2025-11-18T01:23:20.000Z
1;indian_asian;1;1;Gauteng;female;23;SuperSport Blitz;2025-11-18T01:23:04.000Z
1;black;1;1;Free State;male;29;Channel O;2025-11-18T01:23:03.000Z
1;black;1;1;Northern Cape;female;25;Channel O;2025-11-18T01:22:48.000Z
1;indian_asian;1;1;Gauteng;male;26;ICC Cricket World Cup 2011;2025-11-18T01:22:02.000Z
1;coloured;1;1;Western Cape;male;43;ICC Cricket World Cup 2011;2025-11-18T01:21:50.000Z
1;black;1;1;Gauteng;male;27;Trace TV;2025-11-18T01:21:03.000Z
1;coloured;1;1;Kwazulu Natal;male;55;SuperSport Blitz;2025-11-18T01:20:54.000Z
1;white;1;1;Kwazulu Natal;female;50;Supersport Live Events;2025-11-18T01:20:38.000Z
1;black;1;1;North West;male;34;E! Entertainment;2025-11-18T01:20:30.000Z
1;coloured;1;1;Western Cape;male;43;Supersport Live Events;2025-11-18T01:19:52.000Z
1;black;1;1;Eastern Cape;male;23;E! Entertainment;2025-11-18T01:19:36.000Z
1;black;1;1;Limpopo;male;38;Africa Magic;2025-11-18T01:19:25.000Z
1;None;1;1;Mpumalanga;male;34;ICC Cricket World Cup 2011;2025-11-18T01:19:08.000Z
1;black;1;1;Gauteng;male;21;Trace TV;2025-11-18T01:19:06.000Z
1;None;1;1;Western Cape;male;31;Supersport Live Events;2025-11-18T01:19:04.000Z
1;black;1;1;Gauteng;male;42;ICC Cricket World Cup 2011;2025-11-18T01:18:48.000Z
1;black;1;1;Kwazulu Natal;male;43;Trace TV;2025-11-18T01:18:24.000Z
1;black;1;1;Gauteng;male;57;CNN;2025-11-18T01:18:22.000Z
1;white;1;1;Kwazulu Natal;male;45;CNN;2025-11-18T01:18:06.000Z
1;indian_asian;1;1;Limpopo;male;31;ICC Cricket World Cup 2011;2025-11-18T01:17:44.000Z
1;black;1;1;Gauteng;male;31;Supersport Live Events;2025-11-18T01:17:32.000Z
1;indian_asian;1;1;Free State;male;46;Supersport Live Events;2025-11-18T01:17:14.000Z
1;black;1;1;Kwazulu Natal;male;30;Channel O;2025-11-18T01:17:06.000Z
1;black;1;1;Free State;male;21;ICC Cricket World Cup 2011;2025-11-18T01:16:40.000Z
1;None;1;1;None;None;0;Channel O;2025-11-18T01:16:30.000Z
1;coloured;1;1;Western Cape;male;36;Trace TV;2025-11-18T01:16:15.000Z
1;black;1;1;Gauteng;female;32;Channel O;2025-11-18T01:16:12.000Z
1;None;1;1;Gauteng;male;43;Supersport Live Events;2025-11-18T01:16:12.000Z
1;black;1;1;Kwazulu Natal;male;28;Supersport Live Events;2025-11-18T01:15:44.000Z
1;white;1;1;Mpumalanga;male;24;ICC Cricket World Cup 2011;2025-11-18T01:15:24.000Z
1;black;1;1;Gauteng;male;25;Trace TV;2025-11-18T01:15:06.000Z
1;coloured;1;1;Western Cape;male;33;Supersport Live Events;2025-11-18T01:15:00.000Z
1;indian_asian;1;1;Limpopo;male;35;Supersport Live Events;2025-11-18T01:14:50.000Z
1;white;1;1;Gauteng;male;24;Supersport Live Events;2025-11-18T01:14:40.000Z
1;indian_asian;1;1;Kwazulu Natal;male;22;Trace TV;2025-11-18T01:14:24.000Z
1;black;1;1;Gauteng;male;22;Channel O;2025-11-18T01:13:57.000Z
1;black;1;1;Eastern Cape;male;25;Trace TV;2025-11-18T01:13:51.000Z
1;black;1;1;Gauteng;female;43;Channel O;2025-11-18T01:13:36.000Z
1;indian_asian;1;1;Gauteng;male;31;Supersport Live Events;2025-11-18T01:13:32.000Z
1;black;1;1;Mpumalanga;female;23;Trace TV;2025-11-18T01:13:00.000Z
1;black;1;1;Gauteng;male;30;Channel O;2025-11-18T01:12:57.000Z
1;indian_asian;1;1;Mpumalanga;male;33;Supersport Live Events;2025-11-18T01:12:46.000Z
1;black;1;1;Gauteng;male;40;ICC Cricket World Cup 2011;2025-11-18T01:12:46.000Z
1;coloured;1;1;Eastern Cape;male;29;Supersport Live Events;2025-11-18T01:12:34.000Z
1;black;1;1;Gauteng;male;38;Trace TV;2025-11-18T01:12:18.000Z
1;black;1;1;Gauteng;male;25;Trace TV;2025-11-18T01:12:18.000Z
1;indian_asian;1;1;Gauteng;male;22;ICC Cricket World Cup 2011;2025-11-18T01:11:22.000Z
1;indian_asian;1;1;Western Cape;male;41;Supersport Live Events;2025-11-18T01:11:12.000Z
1;black;1;1;Gauteng;male;27;Channel O;2025-11-18T01:11:06.000Z
1;white;1;1;Gauteng;male;33;ICC Cricket World Cup 2011;2025-11-18T01:10:52.000Z
1;black;1;1;Gauteng;male;45;Supersport Live Events;2025-11-18T01:10:46.000Z
1;indian_asian;1;1;Limpopo;male;24;ICC Cricket World Cup 2011;2025-11-18T01:10:42.000Z
1;black;1;1;Gauteng;female;27;Trace TV;2025-11-18T01:10:21.000Z
1;black;1;1;Gauteng;male;30;Channel O;2025-11-18T01:09:51.000Z
1;black;1;1;Gauteng;male;27;ICC Cricket World Cup 2011;2025-11-18T01:09:40.000Z
1;indian_asian;1;1;Gauteng;male;34;CNN;2025-11-18T01:09:30.000Z
1;indian_asian;1;1;Free State;male;26;ICC Cricket World Cup 2011;2025-11-18T01:09:12.000Z
1;indian_asian;1;1;Gauteng;male;34;ICC Cricket World Cup 2011;2025-11-18T01:09:02.000Z
1;black;1;1;Eastern Cape;female;15;Channel O;2025-11-18T01:08:42.000Z
1;indian_asian;1;1;Limpopo;male;39;Supersport Live Events;2025-11-18T01:08:28.000Z
1;black;1;1;Kwazulu Natal;female;35;Channel O;2025-11-18T01:08:27.000Z
1;black;1;1;Free State;male;46;Channel O;2025-11-18T01:08:18.000Z
1;indian_asian;1;1;Gauteng;male;22;ICC Cricket World Cup 2011;2025-11-18T01:08:18.000Z
1;indian_asian;1;1;Gauteng;male;39;ICC Cricket World Cup 2011;2025-11-18T01:08:08.000Z
1;coloured;1;1;Western Cape;male;24;Trace TV;2025-11-18T01:07:57.000Z
1;indian_asian;1;1;Gauteng;male;48;ICC Cricket World Cup 2011;2025-11-18T01:07:46.000Z
1;white;1;1;Gauteng;male;37;Supersport Live Events;2025-11-18T01:07:42.000Z
1;indian_asian;1;1;Kwazulu Natal;male;51;Trace TV;2025-11-18T01:07:30.000Z
1;None;1;1;Gauteng;male;46;ICC Cricket World Cup 2011;2025-11-18T01:07:12.000Z
1;other;1;1;Western Cape;male;37;ICC Cricket World Cup 2011;2025-11-18T01:07:00.000Z
1;black;1;1;Free State;male;29;Trace TV;2025-11-18T01:06:57.000Z
1;white;1;1;Mpumalanga;male;26;ICC Cricket World Cup 2011;2025-11-18T01:06:36.000Z
1;indian_asian;1;1;Mpumalanga;male;28;ICC Cricket World Cup 2011;2025-11-18T01:06:24.000Z
1;None;1;1;None;None;0;Channel O;2025-11-18T01:06:21.000Z
1;black;1;1;Northern Cape;female;36;Trace TV;2025-11-18T01:06:03.000Z
1;black;1;1;Kwazulu Natal;male;57;Supersport Live Events;2025-11-18T01:05:54.000Z
1;coloured;1;1;Kwazulu Natal;male;35;Supersport Live Events;2025-11-18T01:05:38.000Z
1;white;1;1;Western Cape;male;25;Cartoon Network;2025-11-18T01:05:37.000Z
1;white;1;1;Kwazulu Natal;male;37;Supersport Live Events;2025-11-18T01:05:14.000Z
1;coloured;1;1;Eastern Cape;male;28;Supersport Live Events;2025-11-18T01:05:12.000Z
1;white;1;1;Western Cape;male;44;Boomerang;2025-11-18T01:05:04.000Z
1;black;1;1;Gauteng;male;33;CNN;2025-11-18T01:04:59.000Z
1;None;1;1;None;None;0;Cartoon Network;2025-11-18T01:04:58.000Z
1;coloured;1;1;Kwazulu Natal;male;44;Boomerang;2025-11-18T01:04:56.000Z
1;black;1;1;Kwazulu Natal;male;45;Supersport Live Events;2025-11-18T01:04:54.000Z
1;indian_asian;1;1;Kwazulu Natal;male;30;ICC Cricket World Cup 2011;2025-11-18T01:04:46.000Z
1;black;1;1;Kwazulu Natal;male;40;Boomerang;2025-11-18T01:04:43.000Z
1;white;1;1;Gauteng;male;24;Supersport Live Events;2025-11-18T01:04:38.000Z
1;indian_asian;1;1;Gauteng;male;32;ICC Cricket World Cup 2011;2025-11-18T01:04:12.000Z
1;black;1;1;Eastern Cape;male;45;CNN;2025-11-18T01:04:07.000Z
1;black;1;1;North West;male;18;Channel O;2025-11-18T01:04:03.000Z
1;black;1;1;Gauteng;male;37;Channel O;2025-11-18T01:04:03.000Z
1;None;1;1;Mpumalanga;male;46;CNN;2025-11-18T01:03:55.000Z
1;white;1;1;Gauteng;male;30;Supersport Live Events;2025-11-18T01:03:48.000Z
1;None;1;1;Mpumalanga;male;46;CNN;2025-11-18T01:03:47.000Z
1;black;1;1;Gauteng;female;42;Channel O;2025-11-18T01:03:12.000Z
1;black;1;1;Mpumalanga;male;33;Trace TV;2025-11-18T01:03:06.000Z
1;black;1;1;Northern Cape;female;39;Cartoon Network;2025-11-18T01:03:02.000Z
1;black;1;1;Gauteng;male;42;Channel O;2025-11-18T01:03:00.000Z
1;black;1;1;Mpumalanga;male;22;Supersport Live Events;2025-11-18T01:02:48.000Z
1;coloured;1;1;Gauteng;male;40;Cartoon Network;2025-11-18T01:02:44.000Z
1;black;1;1;Western Cape;male;34;CNN;2025-11-18T01:02:40.000Z
1;black;1;1;Gauteng;male;34;Channel O;2025-11-18T01:02:36.000Z
1;None;1;1;Mpumalanga;male;46;CNN;2025-11-18T01:02:33.000Z
1;indian_asian;1;1;Gauteng;male;30;ICC Cricket World Cup 2011;2025-11-18T01:02:30.000Z
1;indian_asian;1;1;Limpopo;male;29;Supersport Live Events;2025-11-18T01:02:28.000Z
1;None;1;1;Western Cape;male;43;Supersport Live Events;2025-11-18T01:02:10.000Z
1;white;1;1;Gauteng;male;56;ICC Cricket World Cup 2011;2025-11-18T01:02:06.000Z
1;black;1;1;Gauteng;male;35;CNN;2025-11-18T01:02:02.000Z
1;black;1;1;Gauteng;male;31;Cartoon Network;2025-11-18T01:01:47.000Z
1;indian_asian;1;1;Gauteng;male;25;ICC Cricket World Cup 2011;2025-11-18T01:01:38.000Z
1;black;1;1;Eastern Cape;female;47;Cartoon Network;2025-11-18T01:01:18.000Z
1;indian_asian;1;1;Kwazulu Natal;male;35;Supersport Live Events;2025-11-18T01:01:08.000Z
1;None;1;1;Mpumalanga;male;46;CNN;2025-11-18T01:01:02.000Z
1;black;1;1;Gauteng;female;27;Trace TV;2025-11-18T01:01:00.000Z
1;None;1;1;Western Cape;male;36;ICC Cricket World Cup 2011;2025-11-18T01:00:54.000Z
1;black;1;1;Gauteng;male;35;Trace TV;2025-11-18T01:00:48.000Z
1;black;1;1;Mpumalanga;male;26;Cartoon Network;2025-11-18T01:00:33.000Z
1;white;1;1;Eastern Cape;male;40;Supersport Live Events;2025-11-18T01:00:32.000Z
1;coloured;1;1;Western Cape;male;27;Channel O;2025-11-18T01:00:30.000Z
1;None;1;1;Western Cape;male;24;Boomerang;2025-11-18T01:00:14.000Z
1;indian_asian;1;1;Gauteng;male;28;ICC Cricket World Cup 2011;2025-11-18T01:00:12.000Z
1;coloured;1;1;Western Cape;male;27;Supersport Live Events;2025-11-18T01:00:10.000Z
1;black;1;1;Kwazulu Natal;male;45;SuperSport Blitz;2025-11-18T01:00:06.000Z
1;indian_asian;1;1;Mpumalanga;male;21;Supersport Live Events;2025-11-18T01:00:02.000Z
1;coloured;1;1;Western Cape;male;25;Trace TV;2025-11-18T00:59:54.000Z
1;coloured;1;1;Western Cape;male;31;Supersport Live Events;2025-11-18T00:59:42.000Z
1;None;1;1;Gauteng;male;48;Supersport Live Events;2025-11-18T00:59:40.000Z
1;coloured;1;1;Western Cape;male;35;Trace TV;2025-11-18T00:59:36.000Z
1;black;1;1;Kwazulu Natal;male;32;Channel O;2025-11-18T00:59:27.000Z
1;indian_asian;1;1;Gauteng;male;26;ICC Cricket World Cup 2011;2025-11-18T00:59:24.000Z
1;coloured;1;1;Western Cape;male;36;Supersport Live Events;2025-11-18T00:59:14.000Z
1;indian_asian;1;1;Gauteng;male;28;Supersport Live Events;2025-11-18T00:59:14.000Z
1;indian_asian;1;1;Gauteng;male;32;ICC Cricket World Cup 2011;2025-11-18T00:59:14.000Z
1;coloured;1;1;Western Cape;male;47;Cartoon Network;2025-11-18T00:59:07.000Z
1;black;1;1;Gauteng;male;19;Trace TV;2025-11-18T00:59:00.000Z
1;None;1;1;Gauteng;male;34;ICC Cricket World Cup 2011;2025-11-18T00:58:56.000Z
1;indian_asian;1;1;Gauteng;male;34;ICC Cricket World Cup 2011;2025-11-18T00:58:50.000Z
1;black;1;1;Mpumalanga;male;49;Cartoon Network;2025-11-18T00:58:45.000Z
1;indian_asian;1;1;Gauteng;male;30;ICC Cricket World Cup 2011;2025-11-18T00:58:36.000Z
1;coloured;1;1;Western Cape;male;39;Trace TV;2025-11-18T00:58:36.000Z
1;indian_asian;1;1;Limpopo;male;32;Supersport Live Events;2025-11-18T00:58:34.000Z
1;coloured;1;1;Western Cape;male;48;Supersport Live Events;2025-11-18T00:58:30.000Z
1;coloured;1;1;Western Cape;male;37;SuperSport Blitz;2025-11-18T00:58:22.000Z
1;coloured;1;1;Gauteng;male;20;ICC Cricket World Cup 2011;2025-11-18T00:58:02.000Z
1;black;1;1;Mpumalanga;male;22;Trace TV;2025-11-18T00:57:54.000Z
1;indian_asian;1;1;Gauteng;male;28;ICC Cricket World Cup 2011;2025-11-18T00:57:46.000Z
1;other;1;1;Western Cape;male;37;ICC Cricket World Cup 2011;2025-11-18T00:57:34.000Z
1;black;1;1;Eastern Cape;male;47;Channel O;2025-11-18T00:57:27.000Z
1;white;1;1;Gauteng;male;29;Cartoon Network;2025-11-18T00:57:05.000Z
1;white;1;1;Kwazulu Natal;male;38;Cartoon Network;2025-11-18T00:56:49.000Z
1;indian_asian;1;1;Limpopo;male;37;ICC Cricket World Cup 2011;2025-11-18T00:56:48.000Z
1;None;1;1;Western Cape;male;43;Supersport Live Events;2025-11-18T00:56:42.000Z
1;black;1;1;Gauteng;male;39;Africa Magic;2025-11-18T00:56:39.000Z
1;black;1;1;Gauteng;male;32;Trace TV;2025-11-18T00:56:33.000Z
1;indian_asian;1;1;Limpopo;male;49;ICC Cricket World Cup 2011;2025-11-18T00:56:14.000Z
1;indian_asian;1;1;Gauteng;male;43;ICC Cricket World Cup 2011;2025-11-18T00:56:14.000Z
1;black;1;1;Gauteng;male;51;Channel O;2025-11-18T00:56:12.000Z
1;black;1;1;Gauteng;male;18;Supersport Live Events;2025-11-18T00:55:44.000Z
1;indian_asian;1;1;Kwazulu Natal;female;29;Cartoon Network;2025-11-18T00:55:44.000Z
1;black;1;1;Gauteng;male;36;Trace TV;2025-11-18T00:55:33.000Z
1;white;1;1;Mpumalanga;male;26;Supersport Live Events;2025-11-18T00:55:20.000Z
1;None;1;1;Western Cape;male;41;Supersport Live Events;2025-11-18T00:55:16.000Z
1;white;1;1;Gauteng;male;32;ICC Cricket World Cup 2011;2025-11-18T00:55:08.000Z
1;indian_asian;1;1;Limpopo;male;10;ICC Cricket World Cup 2011;2025-11-18T00:55:04.000Z
1;coloured;1;1;Limpopo;male;29;Trace TV;2025-11-18T00:55:00.000Z
1;coloured;1;1;Western Cape;male;31;Supersport Live Events;2025-11-18T00:54:48.000Z
1;None;1;1;None;None;0;ICC Cricket World Cup 2011;2025-11-18T00:54:48.000Z
1;black;1;1;Limpopo;male;31;Supersport Live Events;2025-11-18T00:54:36.000Z
1;black;1;1;Gauteng;male;29;Channel O;2025-11-18T00:54:30.000Z
1;indian_asian;1;1;Gauteng;female;30;ICC Cricket World Cup 2011;2025-11-18T00:54:24.000Z
1;other;1;1;Western Cape;male;24;ICC Cricket World Cup 2011;2025-11-18T00:54:16.000Z
1;white;1;1;Gauteng;male;51;ICC Cricket World Cup 2011;2025-11-18T00:54:02.000Z
1;None;1;1;Western Cape;male;26;ICC Cricket World Cup 2011;2025-11-18T00:53:50.000Z
1;coloured;1;1;Western Cape;male;38;ICC Cricket World Cup 2011;2025-11-18T00:53:46.000Z
1;black;1;1;Eastern Cape;male;63;Supersport Live Events;2025-11-18T00:53:38.000Z
1;black;1;1;Gauteng;male;28;Trace TV;2025-11-18T00:53:36.000Z
1;white;1;1;Gauteng;male;40;Supersport Live Events;2025-11-18T00:53:34.000Z
1;white;1;1;Mpumalanga;male;26;Supersport Live Events;2025-11-18T00:53:16.000Z
1;indian_asian;1;1;Limpopo;male;27;ICC Cricket World Cup 2011;2025-11-18T00:53:08.000Z
1;white;1;1;Gauteng;male;51;E! Entertainment;2025-11-18T00:53:02.000Z
1;black;1;1;Gauteng;male;22;Trace TV;2025-11-18T00:53:00.000Z
1;coloured;1;1;Western Cape;female;35;Africa Magic;2025-11-18T00:53:00.000Z
1;black;1;1;Gauteng;male;33;ICC Cricket World Cup 2011;2025-11-18T00:52:54.000Z
1;coloured;1;1;Western Cape;male;24;Channel O;2025-11-18T00:52:54.000Z
1;black;1;1;North West;male;24;Trace TV;2025-11-18T00:52:48.000Z
1;None;1;1;Gauteng;male;48;Supersport Live Events;2025-11-18T00:52:46.000Z
1;black;1;1;Gauteng;male;22;Channel O;2025-11-18T00:52:42.000Z
1;white;1;1;Gauteng;male;22;SuperSport Blitz;2025-11-18T00:52:36.000Z
1;white;1;1;Gauteng;male;36;CNN;2025-11-18T00:52:32.000Z
1;None;1;1;Western Cape;male;33;Supersport Live Events;2025-11-18T00:52:32.000Z
1;black;1;1;Gauteng;male;33;Channel O;2025-11-18T00:52:30.000Z
1;indian_asian;1;1;Gauteng;male;41;ICC Cricket World Cup 2011;2025-11-18T00:52:22.000Z
1;coloured;1;1;Western Cape;male;30;ICC Cricket World Cup 2011;2025-11-18T00:52:22.000Z
1;white;1;1;Western Cape;male;44;Supersport Live Events;2025-11-18T00:52:16.000Z
1;black;1;1;Kwazulu Natal;male;30;Channel O;2025-11-18T00:52:12.000Z
1;None;1;1;Mpumalanga;male;50;Channel O;2025-11-18T00:52:03.000Z
1;black;1;1;Western Cape;male;38;SuperSport Blitz;2025-11-18T00:51:58.000Z
1;black;1;1;Mpumalanga;male;25;Channel O;2025-11-18T00:51:54.000Z
1;black;1;1;Eastern Cape;male;23;Supersport Live Events;2025-11-18T00:51:50.000Z
1;coloured;1;1;Western Cape;male;35;Supersport Live Events;2025-11-18T00:51:48.000Z
1;black;1;1;North West;male;43;SuperSport Blitz;2025-11-18T00:51:46.000Z
1;black;1;1;Gauteng;male;34;CNN;2025-11-18T00:51:39.000Z
1;white;1;1;Western Cape;male;51;CNN;2025-11-18T00:51:08.000Z
1;black;1;1;Gauteng;male;27;Channel O;2025-11-18T00:51:06.000Z
1;indian_asian;1;1;Gauteng;male;27;Supersport Live Events;2025-11-18T00:51:04.000Z
1;black;1;1;Gauteng;male;37;Channel O;2025-11-18T00:51:03.000Z
1;black;1;1;Gauteng;male;27;Supersport Live Events;2025-11-18T00:50:58.000Z
1;indian_asian;1;1;Gauteng;male;32;ICC Cricket World Cup 2011;2025-11-18T00:50:36.000Z
1;black;1;1;Kwazulu Natal;male;31;Supersport Live Events;2025-11-18T00:50:32.000Z
1;black;1;1;Gauteng;male;49;ICC Cricket World Cup 2011;2025-11-18T00:50:26.000Z
1;white;1;1;Gauteng;male;46;ICC Cricket World Cup 2011;2025-11-18T00:50:26.000Z
1;indian_asian;1;1;Kwazulu Natal;male;34;Supersport Live Events;2025-11-18T00:50:26.000Z
1;indian_asian;1;1;Gauteng;male;32;Supersport Live Events;2025-11-18T00:50:18.000Z
1;indian_asian;1;1;Free State;male;26;ICC Cricket World Cup 2011;2025-11-18T00:50:18.000Z
1;black;1;1;Kwazulu Natal;male;39;Trace TV;2025-11-18T00:50:12.000Z
1;black;1;1;Gauteng;male;27;Channel O;2025-11-18T00:50:09.000Z
1;None;1;1;Western Cape;male;34;ICC Cricket World Cup 2011;2025-11-18T00:49:54.000Z
1;indian_asian;1;1;Gauteng;male;30;ICC Cricket World Cup 2011;2025-11-18T00:49:54.000Z
1;black;1;1;Mpumalanga;male;33;Channel O;2025-11-18T00:49:51.000Z
1;white;1;1;Gauteng;male;38;ICC Cricket World Cup 2011;2025-11-18T00:49:46.000Z
1;black;1;1;Western Cape;male;44;ICC Cricket World Cup 2011;2025-11-18T00:49:44.000Z
1;black;1;1;Mpumalanga;male;52;Boomerang;2025-11-18T00:49:27.000Z
1;black;1;1;Kwazulu Natal;male;32;Trace TV;2025-11-18T00:49:24.000Z
1;black;1;1;Gauteng;male;45;CNN;2025-11-18T00:49:21.000Z
1;None;1;1;Eastern Cape;female;11;Boomerang;2025-11-18T00:49:11.000Z
1;indian_asian;1;1;Gauteng;male;23;Supersport Live Events;2025-11-18T00:48:56.000Z
1;coloured;1;1;Western Cape;male;32;E! Entertainment;2025-11-18T00:48:50.000Z
1;white;1;1;Gauteng;male;32;Supersport Live Events;2025-11-18T00:48:50.000Z
1;coloured;1;1;Western Cape;male;33;Supersport Live Events;2025-11-18T00:48:46.000Z
1;None;1;1;Eastern Cape;male;33;Supersport Live Events;2025-11-18T00:48:38.000Z
1;indian_asian;1;1;Western Cape;male;28;Supersport Live Events;2025-11-18T00:48:30.000Z
1;black;1;1;Kwazulu Natal;female;35;Trace TV;2025-11-18T00:48:15.000Z
1;None;1;1;Kwazulu Natal;male;22;Cartoon Network;2025-11-18T00:48:09.000Z
1;black;1;1;Gauteng;male;21;Trace TV;2025-11-18T00:48:06.000Z
1;coloured;1;1;Western Cape;male;22;Trace TV;2025-11-18T00:47:54.000Z
1;indian_asian;1;1;Limpopo;male;29;ICC Cricket World Cup 2011;2025-11-18T00:47:54.000Z
1;white;1;1;Free State;male;41;ICC Cricket World Cup 2011;2025-11-18T00:47:52.000Z
1;None;1;1;None;None;0;SuperSport Blitz;2025-11-18T00:47:42.000Z
1;coloured;1;1;Gauteng;male;20;Supersport Live Events;2025-11-18T00:47:42.000Z
1;indian_asian;1;1;Kwazulu Natal;male;27;Channel O;2025-11-18T00:47:33.000Z
1;black;1;1;Gauteng;male;44;Channel O;2025-11-18T00:47:30.000Z
1;black;1;1;North West;male;25;Channel O;2025-11-18T00:47:24.000Z
1;black;1;1;Kwazulu Natal;male;31;Channel O;2025-11-18T00:47:18.000Z
1;black;1;1;Kwazulu Natal;male;17;Channel O;2025-11-18T00:47:18.000Z
1;black;1;1;Gauteng;male;41;Channel O;2025-11-18T00:47:09.000Z
1;black;1;1;Eastern Cape;male;67;SuperSport Blitz;2025-11-18T00:47:00.000Z
1;indian_asian;1;1;Kwazulu Natal;female;14;Channel O;2025-11-18T00:46:57.000Z
1;black;1;1;Eastern Cape;male;23;Channel O;2025-11-18T00:46:54.000Z
1;coloured;1;1;Gauteng;male;19;Cartoon Network;2025-11-18T00:46:53.000Z
1;white;1;1;Mpumalanga;male;26;Supersport Live Events;2025-11-18T00:46:52.000Z
1;coloured;1;1;Western Cape;male;36;ICC Cricket World Cup 2011;2025-11-18T00:46:50.000Z
1;black;1;1;Kwazulu Natal;male;43;Supersport Live Events;2025-11-18T00:46:50.000Z
1;None;1;1;Gauteng;male;43;ICC Cricket World Cup 2011;2025-11-18T00:46:48.000Z
1;None;1;1;None;None;0;ICC Cricket World Cup 2011;2025-11-18T00:46:44.000Z
1;black;1;1;Mpumalanga;male;24;Channel O;2025-11-18T00:46:42.000Z
1;white;1;1;Gauteng;male;39;Trace TV;2025-11-18T00:46:42.000Z
1;coloured;1;1;Western Cape;female;28;E! Entertainment;2025-11-18T00:46:38.000Z
1;black;1;1;Limpopo;male;47;CNN;2025-11-18T00:46:34.000Z
1;indian_asian;1;1;Limpopo;male;59;ICC Cricket World Cup 2011;2025-11-18T00:46:28.000Z
1;black;1;1;Mpumalanga;male;26;Channel O;2025-11-18T00:46:27.000Z
1;black;1;1;Gauteng;male;29;Channel O;2025-11-18T00:46:27.000Z
1;black;1;1;Gauteng;male;22;Channel O;2025-11-18T00:46:21.000Z
1;black;1;1;Gauteng;male;32;Channel O;2025-11-18T00:46:18.000Z
1;black;1;1;Mpumalanga;male;31;Supersport Live Events;2025-11-18T00:46:18.000Z
1;black;1;1;Gauteng;male;39;ICC Cricket World Cup 2011;2025-11-18T00:46:18.000Z
1;None;1;1;Gauteng;male;36;Cartoon Network;2025-11-18T00:46:18.000Z
1;coloured;1;1;Western Cape;male;54;ICC Cricket World Cup 2011;2025-11-18T00:46:14.000Z
1;black;1;1;Kwazulu Natal;male;40;Supersport Live Events;2025-11-18T00:46:12.000Z
1;indian_asian;1;1;Gauteng;male;25;ICC Cricket World Cup 2011;2025-11-18T00:46:06.000Z
1;black;1;1;Kwazulu Natal;male;28;ICC Cricket World Cup 2011;2025-11-18T00:46:02.000Z
1;coloured;1;1;Western Cape;male;38;Trace TV;2025-11-18T00:45:54.000Z
1;white;1;1;Free State;male;32;ICC Cricket World Cup 2011;2025-11-18T00:45:44.000Z
1;black;1;1;Gauteng;male;40;Supersport Live Events;2025-11-18T00:45:42.000Z
1;white;1;1;Gauteng;male;45;ICC Cricket World Cup 2011;2025-11-18T00:45:42.000Z
1;coloured;1;1;Western Cape;male;46;Supersport Live Events;2025-11-18T00:45:34.000Z
1;coloured;1;1;Western Cape;male;37;Trace TV;2025-11-18T00:45:33.000Z
1;coloured;1;1;Western Cape;male;32;Supersport Live Events;2025-11-18T00:45:32.000Z
1;indian_asian;1;1;Limpopo;male;33;Supersport Live Events;2025-11-18T00:45:20.000Z
1;coloured;1;1;Western Cape;male;38;E! Entertainment;2025-11-18T00:45:04.000Z
1;black;1;1;Kwazulu Natal;male;42;SawSee;2025-11-18T00:45:03.000Z
1;None;1;1;Limpopo;male;24;DStv Events 1;2025-11-18T00:45:00.000Z
1;coloured;1;1;Eastern Cape;male;18;Channel O;2025-11-18T00:45:00.000Z
1;black;1;1;Kwazulu Natal;male;26;Channel O;2025-11-18T00:44:57.000Z
1;None;1;1;None;None;0;Supersport Live Events;2025-11-18T00:44:56.000Z
1;None;1;1;Western Cape;male;24;Supersport Live Events;2025-11-18T00:44:54.000Z
1;white;1;1;Gauteng;male;28;Boomerang;2025-11-18T00:44:48.000Z
1;black;1;1;Western Cape;male;24;Boomerang;2025-11-18T00:44:41.000Z
1;black;1;1;Gauteng;female;32;Channel O;2025-11-18T00:44:36.000Z
1;black;1;1;Eastern Cape;female;64;Trace TV;2025-11-18T00:44:27.000Z
1;coloured;1;1;Western Cape;male;43;Cartoon Network;2025-11-18T00:44:23.000Z
1;coloured;1;1;Western Cape;male;40;ICC Cricket World Cup 2011;2025-11-18T00:44:20.000Z
1;indian_asian;1;1;Gauteng;male;38;ICC Cricket World Cup 2011;2025-11-18T00:44:18.000Z
1;black;1;1;Gauteng;male;31;Supersport Live Events;2025-11-18T00:44:12.000Z
1;black;1;1;Kwazulu Natal;female;35;Channel O;2025-11-18T00:44:09.000Z
1;black;1;1;Limpopo;male;25;E! Entertainment;2025-11-18T00:44:06.000Z
1;indian_asian;1;1;Kwazulu Natal;male;25;Supersport Live Events;2025-11-18T00:43:52.000Z
1;white;1;1;Gauteng;male;34;Supersport Live Events;2025-11-18T00:43:52.000Z
1;white;1;1;Gauteng;male;19;ICC Cricket World Cup 2011;2025-11-18T00:43:52.000Z
1;black;1;1;North West;male;25;Trace TV;2025-11-18T00:43:48.000Z
1;black;1;1;Gauteng;male;24;Boomerang;2025-11-18T00:43:35.000Z
1;black;1;1;Limpopo;male;36;Trace TV;2025-11-18T00:43:27.000Z
1;coloured;1;1;Western Cape;male;37;Supersport Live Events;2025-11-18T00:43:26.000Z
1;indian_asian;1;1;Limpopo;male;35;ICC Cricket World Cup 2011;2025-11-18T00:43:22.000Z
1;None;1;1;Gauteng;male;33;Supersport Live Events;2025-11-18T00:43:18.000Z
1;coloured;1;1;Western Cape;male;34;Trace TV;2025-11-18T00:43:18.000Z
1;indian_asian;1;1;Mpumalanga;male;31;ICC Cricket World Cup 2011;2025-11-18T00:43:16.000Z
1;None;1;1;Gauteng;male;29;Cartoon Network;2025-11-18T00:43:12.000Z
1;black;1;1;Free State;male;38;SuperSport Blitz;2025-11-18T00:43:06.000Z
1;indian_asian;1;1;Gauteng;male;36;ICC Cricket World Cup 2011;2025-11-18T00:43:02.000Z
1;black;1;1;Northern Cape;female;29;Trace TV;2025-11-18T00:42:48.000Z
1;black;1;1;Gauteng;male;27;Boomerang;2025-11-18T00:42:45.000Z
1;white;1;1;Gauteng;male;45;ICC Cricket World Cup 2011;2025-11-18T00:42:40.000Z
1;indian_asian;1;1;Gauteng;male;37;ICC Cricket World Cup 2011;2025-11-18T00:42:22.000Z
1;white;1;1;Gauteng;female;40;Cartoon Network;2025-11-18T00:42:17.000Z
1;black;1;1;Gauteng;male;25;Supersport Live Events;2025-11-18T00:42:12.000Z
1;coloured;1;1;Eastern Cape;male;52;SuperSport Blitz;2025-11-18T00:42:10.000Z
1;coloured;1;1;Western Cape;male;27;Supersport Live Events;2025-11-18T00:42:08.000Z
1;indian_asian;1;1;Gauteng;male;36;ICC Cricket World Cup 2011;2025-11-18T00:42:08.000Z
1;black;1;1;Gauteng;male;21;Trace TV;2025-11-18T00:42:03.000Z
1;black;1;1;Limpopo;male;28;SuperSport Blitz;2025-11-18T00:42:02.000Z
1;white;1;1;Gauteng;male;18;ICC Cricket World Cup 2011;2025-11-18T00:41:56.000Z
1;indian_asian;1;1;Gauteng;male;38;ICC Cricket World Cup 2011;2025-11-18T00:41:44.000Z
1;black;1;1;Mpumalanga;male;24;Boomerang;2025-11-18T00:41:44.000Z
1;black;1;1;Gauteng;male;38;CNN;2025-11-18T00:41:35.000Z
1;indian_asian;1;1;Free State;male;26;ICC Cricket World Cup 2011;2025-11-18T00:41:34.000Z
1;coloured;1;1;Western Cape;male;39;Supersport Live Events;2025-11-18T00:41:34.000Z
1;black;1;1;Eastern Cape;male;34;Channel O;2025-11-18T00:41:33.000Z
1;coloured;1;1;Western Cape;male;45;ICC Cricket World Cup 2011;2025-11-18T00:41:22.000Z
1;black;1;1;Gauteng;male;30;ICC Cricket World Cup 2011;2025-11-18T00:41:14.000Z
1;black;1;1;Western Cape;male;34;Supersport Live Events;2025-11-18T00:41:12.000Z
1;indian_asian;1;1;Mpumalanga;male;30;Supersport Live Events;2025-11-18T00:41:12.000Z
1;black;1;1;Gauteng;male;34;CNN;2025-11-18T00:41:08.000Z
1;black;1;1;Mpumalanga;male;37;Channel O;2025-11-18T00:41:06.000Z
1;coloured;1;1;Western Cape;male;44;CNN;2025-11-18T00:41:02.000Z
1;black;1;1;Western Cape;male;39;ICC Cricket World Cup 2011;2025-11-18T00:40:50.000Z
1;black;1;1;Limpopo;male;9;Channel O;2025-11-18T00:40:48.000Z
1;black;1;1;Gauteng;male;40;Boomerang;2025-11-18T00:40:42.000Z
1;indian_asian;1;1;Gauteng;male;27;ICC Cricket World Cup 2011;2025-11-18T00:40:40.000Z
1;black;1;1;Gauteng;male;25;Supersport Live Events;2025-11-18T00:40:36.000Z
1;indian_asian;1;1;Gauteng;male;32;ICC Cricket World Cup 2011;2025-11-18T00:40:30.000Z
1;indian_asian;1;1;Free State;male;24;ICC Cricket World Cup 2011;2025-11-18T00:40:28.000Z
1;black;1;1;Gauteng;male;23;Trace TV;2025-11-18T00:40:27.000Z
1;None;1;1;None;None;0;ICC Cricket World Cup 2011;2025-11-18T00:40:26.000Z
1;indian_asian;1;1;Gauteng;male;29;Supersport Live Events;2025-11-18T00:40:24.000Z
1;black;1;1;Kwazulu Natal;male;53;Supersport Live Events;2025-11-18T00:40:14.000Z
1;coloured;1;1;Western Cape;male;58;Trace TV;2025-11-18T00:40:12.000Z
1;black;1;1;Free State;male;46;Channel O;2025-11-18T00:40:00.000Z
1;black;1;1;Limpopo;male;28;Channel O;2025-11-18T00:39:57.000Z
1;indian_asian;1;1;Mpumalanga;male;32;ICC Cricket World Cup 2011;2025-11-18T00:39:56.000Z
1;None;1;1;Western Cape;male;50;Supersport Live Events;2025-11-18T00:39:56.000Z
1;None;1;1;Gauteng;male;42;ICC Cricket World Cup 2011;2025-11-18T00:39:54.000Z
1;coloured;1;1;Western Cape;male;27;Supersport Live Events;2025-11-18T00:39:54.000Z
1;indian_asian;1;1;Gauteng;male;45;Supersport Live Events;2025-11-18T00:39:54.000Z
1;indian_asian;1;1;Gauteng;male;24;ICC Cricket World Cup 2011;2025-11-18T00:39:52.000Z
1;indian_asian;1;1;Gauteng;male;21;ICC Cricket World Cup 2011;2025-11-18T00:39:52.000Z
1;indian_asian;1;1;Limpopo;male;19;ICC Cricket World Cup 2011;2025-11-18T00:39:52.000Z
1;other;1;1;Western Cape;female;10;Supersport Live Events;2025-11-18T00:39:48.000Z
1;black;1;1;Gauteng;female;48;E! Entertainment;2025-11-18T00:39:46.000Z
1;black;1;1;Limpopo;male;31;ICC Cricket World Cup 2011;2025-11-18T00:39:38.000Z
1;indian_asian;1;1;Gauteng;male;32;Supersport Live Events;2025-11-18T00:39:28.000Z
1;black;1;1;North West;male;38;Supersport Live Events;2025-11-18T00:39:28.000Z
1;black;1;1;Western Cape;male;37;Trace TV;2025-11-18T00:39:21.000Z
1;indian_asian;1;1;Eastern Cape;male;27;Supersport Live Events;2025-11-18T00:39:16.000Z
1;black;1;1;Gauteng;male;22;Trace TV;2025-11-18T00:39:15.000Z
1;None;1;1;Gauteng;male;26;Supersport Live Events;2025-11-18T00:39:12.000Z
1;black;1;1;Gauteng;male;48;Boomerang;2025-11-18T00:39:10.000Z
1;coloured;1;1;Western Cape;male;39;Cartoon Network;2025-11-18T00:39:04.000Z
1;coloured;1;1;Gauteng;male;28;Channel O;2025-11-18T00:38:51.000Z
2;coloured;2;1;Eastern Cape;female;31;Channel O;2025-11-18T00:38:48.000Z
1;indian_asian;1;1;Gauteng;male;34;SuperSport Blitz;2025-11-18T00:38:46.000Z
1;indian_asian;1;1;Gauteng;male;24;ICC Cricket World Cup 2011;2025-11-18T00:38:42.000Z
1;indian_asian;1;1;Limpopo;male;24;ICC Cricket World Cup 2011;2025-11-18T00:38:26.000Z
1;black;1;1;Gauteng;female;36;E! Entertainment;2025-11-18T00:38:24.000Z
1;white;1;1;Gauteng;male;37;Cartoon Network;2025-11-18T00:38:21.000Z
1;indian_asian;1;1;Kwazulu Natal;male;26;ICC Cricket World Cup 2011;2025-11-18T00:38:20.000Z
1;coloured;1;1;Limpopo;male;27;ICC Cricket World Cup 2011;2025-11-18T00:38:12.000Z
1;white;1;1;Eastern Cape;male;21;Supersport Live Events;2025-11-18T00:38:06.000Z
1;coloured;1;1;Western Cape;male;23;ICC Cricket World Cup 2011;2025-11-18T00:38:02.000Z
1;black;1;1;Gauteng;female;44;SuperSport Blitz;2025-11-18T00:38:00.000Z
1;indian_asian;1;1;Kwazulu Natal;male;48;Supersport Live Events;2025-11-18T00:38:00.000Z
1;black;1;1;North West;male;26;Channel O;2025-11-18T00:37:57.000Z
1;indian_asian;1;1;Gauteng;male;31;SuperSport Blitz;2025-11-18T00:37:50.000Z
1;None;1;1;None;None;0;ICC Cricket World Cup 2011;2025-11-18T00:37:50.000Z
1;black;1;1;Limpopo;male;25;Channel O;2025-11-18T00:37:48.000Z
1;black;1;1;Mpumalanga;male;49;Boomerang;2025-11-18T00:37:48.000Z
1;white;1;1;Gauteng;male;20;Supersport Live Events;2025-11-18T00:37:40.000Z
1;black;1;1;North West;male;25;Trace TV;2025-11-18T00:37:36.000Z
1;white;1;1;Kwazulu Natal;male;35;Trace TV;2025-11-18T00:37:36.000Z
1;black;1;1;Limpopo;male;42;SuperSport Blitz;2025-11-18T00:37:30.000Z
1;black;1;1;Gauteng;male;24;Trace TV;2025-11-18T00:37:27.000Z
1;black;1;1;Free State;male;21;Boomerang;2025-11-18T00:37:25.000Z
1;indian_asian;1;1;Kwazulu Natal;male;40;ICC Cricket World Cup 2011;2025-11-18T00:37:24.000Z
1;None;1;1;Mpumalanga;male;34;CNN;2025-11-18T00:37:20.000Z
1;None;1;1;Western Cape;male;22;Trace TV;2025-11-18T00:37:15.000Z
1;black;1;1;Western Cape;male;24;Channel O;2025-11-18T00:37:12.000Z
1;coloured;1;1;Western Cape;male;36;Boomerang;2025-11-18T00:37:03.000Z
1;black;1;1;Free State;male;23;Channel O;2025-11-18T00:37:00.000Z
1;coloured;1;1;Western Cape;male;28;Trace TV;2025-11-18T00:36:54.000Z
1;None;1;1;Gauteng;female;33;Boomerang;2025-11-18T00:36:37.000Z
1;coloured;1;1;Western Cape;female;36;Boomerang;2025-11-18T00:36:36.000Z
1;coloured;1;1;Free State;male;36;ICC Cricket World Cup 2011;2025-11-18T00:36:30.000Z
1;white;1;1;Eastern Cape;male;27;Supersport Live Events;2025-11-18T00:36:26.000Z
1;black;1;1;Kwazulu Natal;male;30;Supersport Live Events;2025-11-18T00:36:22.000Z
1;black;1;1;Eastern Cape;female;33;Cartoon Network;2025-11-18T00:36:21.000Z
1;white;1;1;Limpopo;male;22;Supersport Live Events;2025-11-18T00:36:20.000Z
1;indian_asian;1;1;Kwazulu Natal;male;31;Supersport Live Events;2025-11-18T00:36:18.000Z
1;white;1;1;Kwazulu Natal;male;38;Cartoon Network;2025-11-18T00:36:15.000Z
1;black;1;1;Gauteng;male;36;Supersport Live Events;2025-11-18T00:36:10.000Z
1;indian_asian;1;1;Kwazulu Natal;male;33;Supersport Live Events;2025-11-18T00:36:10.000Z
1;black;1;1;North West;male;30;Cartoon Network;2025-11-18T00:36:00.000Z
1;black;1;1;Northern Cape;male;39;CNN;2025-11-18T00:35:50.000Z
1;indian_asian;1;1;Gauteng;male;36;ICC Cricket World Cup 2011;2025-11-18T00:35:50.000Z
1;black;1;1;Gauteng;male;51;Channel O;2025-11-18T00:35:48.000Z
1;white;1;1;Gauteng;male;31;Supersport Live Events;2025-11-18T00:35:42.000Z
1;black;1;1;Gauteng;male;27;Supersport Live Events;2025-11-18T00:35:42.000Z
1;coloured;1;1;Western Cape;male;59;Trace TV;2025-11-18T00:35:39.000Z
1;indian_asian;1;1;Limpopo;male;28;Supersport Live Events;2025-11-18T00:35:32.000Z
1;None;1;1;Western Cape;male;26;Boomerang;2025-11-18T00:35:31.000Z
1;indian_asian;1;1;Kwazulu Natal;male;35;Trace TV;2025-11-18T00:35:27.000Z
1;white;1;1;Gauteng;female;33;Supersport Live Events;2025-11-18T00:35:26.000Z
1;black;1;1;Gauteng;male;37;Boomerang;2025-11-18T00:35:24.000Z
1;black;1;1;Kwazulu Natal;male;33;Channel O;2025-11-18T00:35:24.000Z
1;white;1;1;Gauteng;male;41;Cartoon Network;2025-11-18T00:35:23.000Z
1;black;1;1;Gauteng;male;31;Channel O;2025-11-18T00:35:21.000Z
1;indian_asian;1;1;Limpopo;male;30;SuperSport Blitz;2025-11-18T00:35:06.000Z
1;indian_asian;1;1;Gauteng;male;24;ICC Cricket World Cup 2011;2025-11-18T00:35:02.000Z
1;white;1;1;Western Cape;male;51;CNN;2025-11-18T00:34:59.000Z
1;coloured;1;1;Gauteng;male;27;ICC Cricket World Cup 2011;2025-11-18T00:34:54.000Z
1;black;1;1;Gauteng;male;35;ICC Cricket World Cup 2011;2025-11-18T00:34:54.000Z
1;None;1;1;Western Cape;male;39;Supersport Live Events;2025-11-18T00:34:42.000Z
1;black;1;1;Kwazulu Natal;male;30;ICC Cricket World Cup 2011;2025-11-18T00:34:36.000Z
1;indian_asian;1;1;Mpumalanga;male;38;Supersport Live Events;2025-11-18T00:34:36.000Z
1;indian_asian;1;1;Limpopo;male;35;Supersport Live Events;2025-11-18T00:34:32.000Z
1;indian_asian;1;1;Mpumalanga;male;30;ICC Cricket World Cup 2011;2025-11-18T00:34:26.000Z
1;black;1;1;Kwazulu Natal;male;33;Supersport Live Events;2025-11-18T00:34:22.000Z
1;indian_asian;1;1;Limpopo;male;30;ICC Cricket World Cup 2011;2025-11-18T00:34:22.000Z
1;indian_asian;1;1;Free State;male;23;ICC Cricket World Cup 2011;2025-11-18T00:34:12.000Z
1;black;1;1;Gauteng;male;30;CNN;2025-11-18T00:34:10.000Z
1;white;1;1;Gauteng;male;42;Supersport Live Events;2025-11-18T00:34:10.000Z
1;black;1;1;Mpumalanga;male;21;Supersport Live Events;2025-11-18T00:34:06.000Z
1;indian_asian;1;1;Kwazulu Natal;male;18;Supersport Live Events;2025-11-18T00:34:06.000Z
1;coloured;1;1;Western Cape;male;40;Cartoon Network;2025-11-18T00:34:06.000Z
1;black;1;1;Free State;male;21;Supersport Live Events;2025-11-18T00:34:06.000Z
1;indian_asian;1;1;Gauteng;male;32;ICC Cricket World Cup 2011;2025-11-18T00:34:02.000Z
1;black;1;1;Gauteng;male;42;Supersport Live Events;2025-11-18T00:33:58.000Z
1;black;1;1;Mpumalanga;male;22;Trace TV;2025-11-18T00:33:57.000Z
1;black;1;1;Northern Cape;female;39;Cartoon Network;2025-11-18T00:33:53.000Z
1;black;1;1;Limpopo;male;23;Trace TV;2025-11-18T00:33:51.000Z
1;black;1;1;Gauteng;male;45;Cartoon Network;2025-11-18T00:33:47.000Z
1;white;1;1;Free State;male;30;ICC Cricket World Cup 2011;2025-11-18T00:33:42.000Z
1;coloured;1;1;Eastern Cape;male;44;SuperSport Blitz;2025-11-18T00:33:40.000Z
1;None;1;1;Eastern Cape;male;48;SuperSport Blitz;2025-11-18T00:33:38.000Z
1;white;1;1;Gauteng;male;29;Supersport Live Events;2025-11-18T00:33:34.000Z
1;black;1;1;North West;male;43;Boomerang;2025-11-18T00:33:32.000Z
1;coloured;1;1;Western Cape;male;38;Cartoon Network;2025-11-18T00:33:30.000Z
1;white;1;1;Mpumalanga;male;32;Supersport Live Events;2025-11-18T00:33:26.000Z
1;white;1;1;Gauteng;male;21;ICC Cricket World Cup 2011;2025-11-18T00:33:24.000Z
1;indian_asian;1;1;Western Cape;male;24;Supersport Live Events;2025-11-18T00:33:22.000Z
1;black;1;1;Limpopo;male;24;Trace TV;2025-11-18T00:33:21.000Z
1;black;1;1;Gauteng;male;57;Boomerang;2025-11-18T00:33:19.000Z
1;coloured;1;1;Mpumalanga;female;9;Supersport Live Events;2025-11-18T00:33:18.000Z
1;black;1;1;Gauteng;male;19;Trace TV;2025-11-18T00:33:18.000Z
1;coloured;1;1;Western Cape;male;29;Supersport Live Events;2025-11-18T00:33:14.000Z
1;coloured;1;1;Western Cape;male;47;Cartoon Network;2025-11-18T00:33:10.000Z
1;indian_asian;1;1;Limpopo;male;32;Channel O;2025-11-18T00:33:06.000Z
1;white;1;1;Eastern Cape;male;21;Supersport Live Events;2025-11-18T00:33:06.000Z
1;black;1;1;Kwazulu Natal;male;34;Africa Magic;2025-11-18T00:33:01.000Z
1;coloured;1;1;Western Cape;male;43;Supersport Live Events;2025-11-18T00:32:58.000Z
1;indian_asian;1;1;Gauteng;male;38;ICC Cricket World Cup 2011;2025-11-18T00:32:54.000Z
1;coloured;1;1;Northern Cape;female;32;Cartoon Network;2025-11-18T00:32:54.000Z
1;indian_asian;1;1;Limpopo;male;28;Supersport Live Events;2025-11-18T00:32:52.000Z
1;indian_asian;1;1;Kwazulu Natal;male;42;ICC Cricket World Cup 2011;2025-11-18T00:32:46.000Z
1;None;1;1;Western Cape;male;22;ICC Cricket World Cup 2011;2025-11-18T00:32:46.000Z
1;black;1;1;Gauteng;male;20;Trace TV;2025-11-18T00:32:45.000Z
1;indian_asian;1;1;Gauteng;male;34;CNN;2025-11-18T00:32:45.000Z
1;indian_asian;1;1;Western Cape;male;54;Trace TV;2025-11-18T00:32:42.000Z
1;indian_asian;1;1;Gauteng;male;22;ICC Cricket World Cup 2011;2025-11-18T00:32:40.000Z
1;indian_asian;1;1;Limpopo;male;31;Supersport Live Events;2025-11-18T00:32:38.000Z
1;indian_asian;1;1;Limpopo;male;32;ICC Cricket World Cup 2011;2025-11-18T00:32:36.000Z
1;white;1;1;Northern Cape;male;20;Supersport Live Events;2025-11-18T00:32:32.000Z
1;black;1;1;Gauteng;male;27;Supersport Live Events;2025-11-18T00:32:32.000Z
1;black;1;1;Free State;male;19;Channel O;2025-11-18T00:32:30.000Z
1;black;1;1;Gauteng;male;32;Africa Magic;2025-11-18T00:32:30.000Z
1;black;1;1;Mpumalanga;male;52;Africa Magic;2025-11-18T00:32:29.000Z
2;black;2;1;Gauteng;female;43;Africa Magic;2025-11-18T00:32:29.000Z
1;black;1;1;Gauteng;female;29;Africa Magic;2025-11-18T00:32:29.000Z
1;black;1;1;Limpopo;male;41;Africa Magic;2025-11-18T00:32:27.000Z
1;black;1;1;Gauteng;male;20;Trace TV;2025-11-18T00:32:24.000Z
1;black;1;1;Gauteng;male;32;Boomerang;2025-11-18T00:32:23.000Z
1;white;1;1;Eastern Cape;male;36;ICC Cricket World Cup 2011;2025-11-18T00:32:22.000Z
1;black;1;1;Limpopo;male;21;Trace TV;2025-11-18T00:32:21.000Z
1;indian_asian;1;1;Gauteng;male;25;SuperSport Blitz;2025-11-18T00:32:20.000Z
1;indian_asian;1;1;Gauteng;male;27;Supersport Live Events;2025-11-18T00:32:18.000Z
1;black;1;1;Mpumalanga;male;33;Trace TV;2025-11-18T00:32:15.000Z
1;indian_asian;1;1;North West;male;34;SawSee;2025-11-18T00:32:15.000Z
1;white;1;1;Gauteng;male;43;Supersport Live Events;2025-11-18T00:32:14.000Z
1;None;1;1;Western Cape;female;32;E! Entertainment;2025-11-18T00:32:06.000Z
1;coloured;1;1;Western Cape;male;33;ICC Cricket World Cup 2011;2025-11-18T00:32:00.000Z
1;coloured;1;1;Gauteng;male;41;Africa Magic;2025-11-18T00:31:59.000Z
1;white;1;1;Northern Cape;male;30;Supersport Live Events;2025-11-18T00:31:58.000Z
1;black;1;1;Gauteng;male;35;ICC Cricket World Cup 2011;2025-11-18T00:31:56.000Z
1;black;1;1;Gauteng;male;39;Boomerang;2025-11-18T00:31:56.000Z
1;black;1;1;Gauteng;male;28;Africa Magic;2025-11-18T00:31:54.000Z
1;white;1;1;Mpumalanga;male;22;ICC Cricket World Cup 2011;2025-11-18T00:31:52.000Z
1;black;1;1;Eastern Cape;male;31;ICC Cricket World Cup 2011;2025-11-18T00:31:50.000Z
1;black;1;1;Mpumalanga;male;26;Africa Magic;2025-11-18T00:31:49.000Z
1;coloured;1;1;Western Cape;male;29;Supersport Live Events;2025-11-18T00:31:48.000Z
1;black;1;1;Gauteng;female;36;Cartoon Network;2025-11-18T00:31:48.000Z
1;black;1;1;Free State;male;33;Channel O;2025-11-18T00:31:42.000Z
1;black;1;1;Mpumalanga;female;30;Africa Magic;2025-11-18T00:31:32.000Z
1;indian_asian;1;1;Limpopo;male;30;ICC Cricket World Cup 2011;2025-11-18T00:31:28.000Z
1;black;1;1;Gauteng;male;33;Africa Magic;2025-11-18T00:31:27.000Z
1;black;1;1;Mpumalanga;male;52;Trace TV;2025-11-18T00:31:27.000Z
1;black;1;1;Eastern Cape;male;35;ICC Cricket World Cup 2011;2025-11-18T00:31:26.000Z
1;black;1;1;Gauteng;male;24;Supersport Live Events;2025-11-18T00:31:22.000Z
1;coloured;1;1;Western Cape;male;52;Supersport Live Events;2025-11-18T00:31:20.000Z
1;coloured;1;1;Western Cape;male;44;ICC Cricket World Cup 2011;2025-11-18T00:31:18.000Z
1;white;1;1;Gauteng;male;29;ICC Cricket World Cup 2011;2025-11-18T00:31:14.000Z
1;coloured;1;1;Western Cape;male;44;SuperSport Blitz;2025-11-18T00:31:10.000Z
1;white;1;1;Gauteng;male;32;Supersport Live Events;2025-11-18T00:31:10.000Z
1;coloured;1;1;Western Cape;male;35;ICC Cricket World Cup 2011;2025-11-18T00:31:08.000Z
1;black;1;1;North West;female;34;Africa Magic;2025-11-18T00:31:07.000Z
1;black;1;1;Eastern Cape;male;23;Trace TV;2025-11-18T00:31:06.000Z
1;coloured;1;1;Western Cape;male;34;Supersport Live Events;2025-11-18T00:31:06.000Z
1;black;1;1;Mpumalanga;male;26;Boomerang;2025-11-18T00:30:56.000Z
1;None;1;1;Gauteng;male;23;ICC Cricket World Cup 2011;2025-11-18T00:30:52.000Z
1;black;1;1;Kwazulu Natal;female;35;Boomerang;2025-11-18T00:30:49.000Z
1;black;1;1;Kwazulu Natal;female;32;Africa Magic;2025-11-18T00:30:48.000Z
1;black;1;1;Gauteng;female;34;E! Entertainment;2025-11-18T00:30:46.000Z
1;black;1;1;Kwazulu Natal;female;34;Africa Magic;2025-11-18T00:30:44.000Z
1;white;1;1;Western Cape;male;47;ICC Cricket World Cup 2011;2025-11-18T00:30:40.000Z
1;coloured;1;1;Eastern Cape;male;28;Supersport Live Events;2025-11-18T00:30:38.000Z
1;coloured;1;1;Western Cape;male;29;Trace TV;2025-11-18T00:30:36.000Z
1;black;1;1;Gauteng;male;22;SuperSport Blitz;2025-11-18T00:30:36.000Z
1;indian_asian;1;1;Gauteng;male;38;ICC Cricket World Cup 2011;2025-11-18T00:30:36.000Z
1;black;1;1;Kwazulu Natal;male;49;SuperSport Blitz;2025-11-18T00:30:36.000Z
1;black;1;1;Gauteng;male;22;Cartoon Network;2025-11-18T00:30:30.000Z
1;black;1;1;Gauteng;male;43;Trace TV;2025-11-18T00:30:30.000Z
1;coloured;1;1;Western Cape;male;9;ICC Cricket World Cup 2011;2025-11-18T00:30:26.000Z
1;coloured;1;1;Free State;male;21;Channel O;2025-11-18T00:30:24.000Z
1;black;1;1;Eastern Cape;male;28;Channel O;2025-11-18T00:30:18.000Z
1;black;1;1;Gauteng;male;36;Channel O;2025-11-18T00:30:09.000Z
1;white;1;1;Gauteng;male;34;Cartoon Network;2025-11-18T00:30:07.000Z
1;black;1;1;Gauteng;male;18;Africa Magic;2025-11-18T00:30:06.000Z
1;coloured;1;1;Western Cape;male;36;Supersport Live Events;2025-11-18T00:30:06.000Z
1;None;1;1;Gauteng;male;17;Cartoon Network;2025-11-18T00:30:06.000Z
1;coloured;1;1;Gauteng;male;18;SuperSport Blitz;2025-11-18T00:30:06.000Z
1;white;1;1;Kwazulu Natal;male;38;Cartoon Network;2025-11-18T00:30:01.000Z
1;coloured;1;1;Western Cape;male;35;ICC Cricket World Cup 2011;2025-11-18T00:29:58.000Z
1;indian_asian;1;1;Gauteng;male;39;ICC Cricket World Cup 2011;2025-11-18T00:29:56.000Z
1;coloured;1;1;Western Cape;male;44;ICC Cricket World Cup 2011;2025-11-18T00:29:56.000Z
1;white;1;1;Mpumalanga;male;24;ICC Cricket World Cup 2011;2025-11-18T00:29:54.000Z
1;white;1;1;Gauteng;male;47;Supersport Live Events;2025-11-18T00:29:52.000Z
1;None;1;1;Gauteng;male;24;Trace TV;2025-11-18T00:29:48.000Z
1;black;1;1;Eastern Cape;male;23;ICC Cricket World Cup 2011;2025-11-18T00:29:48.000Z
1;black;1;1;Free State;female;46;Trace TV;2025-11-18T00:29:48.000Z
1;indian_asian;1;1;Limpopo;male;27;ICC Cricket World Cup 2011;2025-11-18T00:29:48.000Z
1;black;1;1;Limpopo;male;23;Channel O;2025-11-18T00:29:45.000Z
1;white;1;1;Western Cape;male;31;Supersport Live Events;2025-11-18T00:29:44.000Z
1;indian_asian;1;1;Gauteng;male;34;ICC Cricket World Cup 2011;2025-11-18T00:29:44.000Z
1;coloured;1;1;Western Cape;male;33;Supersport Live Events;2025-11-18T00:29:40.000Z
1;indian_asian;1;1;Gauteng;male;27;ICC Cricket World Cup 2011;2025-11-18T00:29:40.000Z
1;coloured;1;1;Western Cape;male;33;Trace TV;2025-11-18T00:29:39.000Z
1;coloured;1;1;Western Cape;male;27;Cartoon Network;2025-11-18T00:29:38.000Z
1;coloured;1;1;Western Cape;male;28;Trace TV;2025-11-18T00:29:36.000Z
1;None;1;1;None;None;0;Channel O;2025-11-18T00:29:36.000Z
1;black;1;1;Western Cape;female;26;E! Entertainment;2025-11-18T00:29:34.000Z
1;black;1;1;Gauteng;male;44;ICC Cricket World Cup 2011;2025-11-18T00:29:28.000Z
1;black;1;1;North West;male;47;SuperSport Blitz;2025-11-18T00:29:28.000Z
1;black;1;1;Gauteng;male;44;Trace TV;2025-11-18T00:29:27.000Z
1;coloured;1;1;Western Cape;male;35;Trace TV;2025-11-18T00:29:27.000Z
1;white;1;1;Kwazulu Natal;male;55;E! Entertainment;2025-11-18T00:29:24.000Z
1;indian_asian;1;1;Kwazulu Natal;male;20;ICC Cricket World Cup 2011;2025-11-18T00:29:22.000Z
1;white;1;1;Western Cape;male;43;ICC Cricket World Cup 2011;2025-11-18T00:29:22.000Z
1;coloured;1;1;Western Cape;female;43;Channel O;2025-11-18T00:29:21.000Z
1;indian_asian;1;1;Limpopo;male;38;ICC Cricket World Cup 2011;2025-11-18T00:29:14.000Z
1;coloured;1;1;Western Cape;female;27;Trace TV;2025-11-18T00:29:12.000Z
1;coloured;1;1;Western Cape;male;31;Trace TV;2025-11-18T00:29:12.000Z
1;black;1;1;Mpumalanga;male;31;Channel O;2025-11-18T00:29:12.000Z
1;indian_asian;1;1;Mpumalanga;male;24;ICC Cricket World Cup 2011;2025-11-18T00:29:08.000Z
1;coloured;1;1;Western Cape;male;42;SuperSport Blitz;2025-11-18T00:29:06.000Z
1;white;1;1;Free State;male;48;Boomerang;2025-11-18T00:29:06.000Z
1;black;1;1;Western Cape;male;44;Channel O;2025-11-18T00:29:03.000Z
1;indian_asian;1;1;Kwazulu Natal;male;36;Trace TV;2025-11-18T00:29:03.000Z
1;black;1;1;Gauteng;female;21;Channel O;2025-11-18T00:29:00.000Z
1;None;1;1;Gauteng;male;47;Trace TV;2025-11-18T00:29:00.000Z
1;white;1;1;Gauteng;male;24;Supersport Live Events;2025-11-18T00:29:00.000Z
1;None;1;1;Gauteng;male;38;Channel O;2025-11-18T00:29:00.000Z
1;white;1;1;Western Cape;male;31;Supersport Live Events;2025-11-18T00:28:58.000Z
1;black;1;1;Eastern Cape;male;40;Channel O;2025-11-18T00:28:57.000Z
1;white;1;1;Mpumalanga;male;19;Supersport Live Events;2025-11-18T00:28:56.000Z
1;None;1;1;Western Cape;male;38;Channel O;2025-11-18T00:28:51.000Z
1;coloured;1;1;Western Cape;male;26;Trace TV;2025-11-18T00:28:51.000Z
1;white;1;1;Gauteng;male;33;Supersport Live Events;2025-11-18T00:28:50.000Z
1;None;1;1;None;None;0;Channel O;2025-11-18T00:28:48.000Z
1;black;1;1;Gauteng;male;30;Trace TV;2025-11-18T00:28:42.000Z
1;coloured;1;1;Eastern Cape;male;52;Trace TV;2025-11-18T00:28:39.000Z
1;black;1;1;Kwazulu Natal;male;43;E! Entertainment;2025-11-18T00:28:38.000Z
1;black;1;1;Western Cape;male;24;Africa Magic;2025-11-18T00:28:38.000Z
1;coloured;1;1;Western Cape;male;42;Supersport Live Events;2025-11-18T00:28:32.000Z
1;black;1;1;Gauteng;female;31;Cartoon Network;2025-11-18T00:28:28.000Z
1;black;1;1;Western Cape;male;44;Channel O;2025-11-18T00:28:21.000Z
1;white;1;1;North West;male;31;Supersport Live Events;2025-11-18T00:28:18.000Z
1;white;1;1;Gauteng;male;24;Boomerang;2025-11-18T00:28:15.000Z
1;black;1;1;Mpumalanga;male;50;Africa Magic;2025-11-18T00:28:11.000Z
1;black;1;1;Gauteng;male;33;Supersport Live Events;2025-11-18T00:28:08.000Z
1;black;1;1;Mpumalanga;male;27;Channel O;2025-11-18T00:28:06.000Z
1;black;1;1;Gauteng;male;44;CNN;2025-11-18T00:28:04.000Z
1;indian_asian;1;1;Eastern Cape;male;9;ICC Cricket World Cup 2011;2025-11-18T00:28:02.000Z
1;coloured;1;1;Gauteng;male;46;Supersport Live Events;2025-11-18T00:28:02.000Z
1;black;1;1;Eastern Cape;male;25;Channel O;2025-11-18T00:28:00.000Z
1;black;1;1;Gauteng;male;31;Channel O;2025-11-18T00:27:57.000Z
1;black;1;1;Gauteng;male;25;Boomerang;2025-11-18T00:27:56.000Z
1;white;1;1;Gauteng;male;40;Supersport Live Events;2025-11-18T00:27:54.000Z
1;black;1;1;Limpopo;female;40;Africa Magic;2025-11-18T00:27:53.000Z
1;black;1;1;Gauteng;male;46;ICC Cricket World Cup 2011;2025-11-18T00:27:52.000Z
1;black;1;1;Northern Cape;female;36;Channel O;2025-11-18T00:27:48.000Z
1;coloured;1;1;Western Cape;male;35;Trace TV;2025-11-18T00:27:45.000Z
1;black;1;1;Eastern Cape;male;24;Channel O;2025-11-18T00:27:42.000Z
1;indian_asian;1;1;Kwazulu Natal;male;33;Trace TV;2025-11-18T00:27:39.000Z
1;None;1;1;None;None;0;CNN;2025-11-18T00:27:36.000Z
1;coloured;1;1;Western Cape;male;35;SuperSport Blitz;2025-11-18T00:27:34.000Z
1;black;1;1;Gauteng;male;31;Channel O;2025-11-18T00:27:30.000Z
1;indian_asian;1;1;Limpopo;male;10;ICC Cricket World Cup 2011;2025-11-18T00:27:30.000Z
1;black;1;1;Gauteng;male;21;Trace TV;2025-11-18T00:27:24.000Z
1;indian_asian;1;1;Eastern Cape;male;30;ICC Cricket World Cup 2011;2025-11-18T00:27:22.000Z
1;coloured;1;1;Western Cape;female;30;ICC Cricket World Cup 2011;2025-11-18T00:27:22.000Z
1;black;1;1;Gauteng;male;31;Channel O;2025-11-18T00:27:21.000Z
1;black;1;1;Limpopo;male;22;Trace TV;2025-11-18T00:27:18.000Z
1;black;1;1;North West;male;62;Trace TV;2025-11-18T00:27:18.000Z
1;indian_asian;1;1;Eastern Cape;male;27;Supersport Live Events;2025-11-18T00:27:16.000Z
1;indian_asian;1;1;Gauteng;male;17;ICC Cricket World Cup 2011;2025-11-18T00:27:16.000Z
1;indian_asian;1;1;Gauteng;male;37;ICC Cricket World Cup 2011;2025-11-18T00:27:16.000Z
1;white;1;1;Gauteng;male;39;ICC Cricket World Cup 2011;2025-11-18T00:27:14.000Z
1;coloured;1;1;Western Cape;male;35;SuperSport Blitz;2025-11-18T00:27:14.000Z
1;coloured;1;1;Kwazulu Natal;male;30;Supersport Live Events;2025-11-18T00:27:12.000Z
1;black;1;1;Mpumalanga;male;23;Trace TV;2025-11-18T00:27:09.000Z
1;black;1;1;North West;female;34;Africa Magic;2025-11-18T00:27:09.000Z
1;white;1;1;Gauteng;male;32;E! Entertainment;2025-11-18T00:27:08.000Z
1;black;1;1;Gauteng;male;33;Channel O;2025-11-18T00:27:03.000Z
1;black;1;1;Limpopo;male;31;Boomerang;2025-11-18T00:27:02.000Z
1;indian_asian;1;1;Limpopo;male;46;Channel O;2025-11-18T00:27:00.000Z
1;black;1;1;Limpopo;male;31;ICC Cricket World Cup 2011;2025-11-18T00:27:00.000Z
1;coloured;1;1;Gauteng;male;18;Trace TV;2025-11-18T00:26:57.000Z
1;black;1;1;Gauteng;male;14;SuperSport Blitz;2025-11-18T00:26:54.000Z
1;indian_asian;1;1;Limpopo;male;23;ICC Cricket World Cup 2011;2025-11-18T00:26:54.000Z
1;black;1;1;Free State;male;33;Supersport Live Events;2025-11-18T00:26:54.000Z
1;black;1;1;Eastern Cape;male;36;ICC Cricket World Cup 2011;2025-11-18T00:26:52.000Z
1;white;1;1;Eastern Cape;male;37;Supersport Live Events;2025-11-18T00:26:52.000Z
1;white;1;1;Kwazulu Natal;male;45;CNN;2025-11-18T00:26:46.000Z
1;black;1;1;North West;male;30;Cartoon Network;2025-11-18T00:26:45.000Z
1;black;1;1;Gauteng;male;27;Channel O;2025-11-18T00:26:45.000Z
1;indian_asian;1;1;Gauteng;male;27;SuperSport Blitz;2025-11-18T00:26:44.000Z
1;black;1;1;Gauteng;male;26;Supersport Live Events;2025-11-18T00:26:44.000Z
1;coloured;1;1;Western Cape;male;34;E! Entertainment;2025-11-18T00:26:42.000Z
1;coloured;1;1;Western Cape;male;37;E! Entertainment;2025-11-18T00:26:40.000Z
1;white;1;1;Gauteng;male;49;ICC Cricket World Cup 2011;2025-11-18T00:26:38.000Z
1;black;1;1;Mpumalanga;male;40;Channel O;2025-11-18T00:26:36.000Z
1;None;1;1;Western Cape;male;39;ICC Cricket World Cup 2011;2025-11-18T00:26:34.000Z
1;black;1;1;Kwazulu Natal;male;29;Channel O;2025-11-18T00:26:33.000Z
1;black;1;1;Western Cape;male;41;Boomerang;2025-11-18T00:26:33.000Z
1;white;1;1;Gauteng;male;29;ICC Cricket World Cup 2011;2025-11-18T00:26:24.000Z
1;white;1;1;Eastern Cape;male;27;Cartoon Network;2025-11-18T00:26:24.000Z
1;coloured;1;1;Northern Cape;male;57;Channel O;2025-11-18T00:26:21.000Z
1;indian_asian;1;1;Gauteng;male;29;ICC Cricket World Cup 2011;2025-11-18T00:26:20.000Z
1;coloured;1;1;Western Cape;male;24;Supersport Live Events;2025-11-18T00:26:20.000Z
1;coloured;1;1;Gauteng;male;28;ICC Cricket World Cup 2011;2025-11-18T00:26:20.000Z
1;black;1;1;Gauteng;male;18;Trace TV;2025-11-18T00:26:18.000Z
1;indian_asian;1;1;Gauteng;male;44;ICC Cricket World Cup 2011;2025-11-18T00:26:18.000Z
1;black;1;1;Western Cape;male;24;Boomerang;2025-11-18T00:26:11.000Z
1;black;1;1;Kwazulu Natal;male;51;ICC Cricket World Cup 2011;2025-11-18T00:26:06.000Z
1;black;1;1;Western Cape;male;37;Supersport Live Events;2025-11-18T00:26:06.000Z
1;black;1;1;Limpopo;female;33;Africa Magic;2025-11-18T00:26:04.000Z
1;black;1;1;Kwazulu Natal;male;33;Trace TV;2025-11-18T00:26:03.000Z
1;black;1;1;Mpumalanga;male;24;SuperSport Blitz;2025-11-18T00:26:02.000Z
1;indian_asian;1;1;Gauteng;male;43;Supersport Live Events;2025-11-18T00:25:52.000Z
1;black;1;1;Gauteng;male;39;Channel O;2025-11-18T00:25:51.000Z
1;black;1;1;Gauteng;male;39;Africa Magic;2025-11-18T00:25:49.000Z
1;black;1;1;Western Cape;male;35;Supersport Live Events;2025-11-18T00:25:46.000Z
1;black;1;1;Kwazulu Natal;male;32;Channel O;2025-11-18T00:25:45.000Z
1;None;1;1;North West;male;37;Trace TV;2025-11-18T00:25:42.000Z
1;black;1;1;North West;male;27;SuperSport Blitz;2025-11-18T00:25:42.000Z
1;white;1;1;Gauteng;male;27;Cartoon Network;2025-11-18T00:25:42.000Z
1;black;1;1;Mpumalanga;male;33;Supersport Live Events;2025-11-18T00:25:40.000Z
1;indian_asian;1;1;Gauteng;male;28;ICC Cricket World Cup 2011;2025-11-18T00:25:38.000Z
1;white;1;1;Gauteng;male;30;E! Entertainment;2025-11-18T00:25:34.000Z
1;black;1;1;Gauteng;male;27;Trace TV;2025-11-18T00:25:33.000Z
1;coloured;1;1;Western Cape;male;43;Supersport Live Events;2025-11-18T00:25:30.000Z
1;indian_asian;1;1;Gauteng;male;39;Cartoon Network;2025-11-18T00:25:30.000Z
1;white;1;1;Mpumalanga;male;27;Supersport Live Events;2025-11-18T00:25:24.000Z
1;black;1;1;Gauteng;male;36;E! Entertainment;2025-11-18T00:25:22.000Z
1;black;1;1;Mpumalanga;male;21;Trace TV;2025-11-18T00:25:21.000Z
1;black;1;1;Gauteng;male;34;CNN;2025-11-18T00:25:20.000Z
1;None;1;1;Gauteng;male;23;ICC Cricket World Cup 2011;2025-11-18T00:25:18.000Z
1;black;1;1;Gauteng;male;46;Africa Magic;2025-11-18T00:25:15.000Z
1;black;1;1;Eastern Cape;male;41;Cartoon Network;2025-11-18T00:25:12.000Z
1;black;1;1;Limpopo;male;38;Channel O;2025-11-18T00:25:12.000Z
1;black;1;1;Gauteng;male;45;CNN;2025-11-18T00:25:09.000Z
1;indian_asian;1;1;Limpopo;male;31;E! Entertainment;2025-11-18T00:25:08.000Z
1;indian_asian;1;1;Gauteng;male;32;ICC Cricket World Cup 2011;2025-11-18T00:25:04.000Z
1;indian_asian;1;1;Limpopo;male;28;Supersport Live Events;2025-11-18T00:25:04.000Z
1;indian_asian;1;1;Kwazulu Natal;male;18;ICC Cricket World Cup 2011;2025-11-18T00:25:02.000Z
1;black;1;1;Eastern Cape;male;25;Boomerang;2025-11-18T00:24:57.000Z
1;None;1;1;None;None;0;Channel O;2025-11-18T00:24:57.000Z
1;indian_asian;1;1;Kwazulu Natal;male;21;Trace TV;2025-11-18T00:24:57.000Z
1;None;1;1;Gauteng;male;43;Supersport Live Events;2025-11-18T00:24:56.000Z
1;black;1;1;Western Cape;male;36;DStv Events 1;2025-11-18T00:24:55.000Z
1;black;1;1;Mpumalanga;male;49;Boomerang;2025-11-18T00:24:53.000Z
1;black;1;1;Gauteng;female;37;CNN;2025-11-18T00:24:51.000Z
1;black;1;1;Gauteng;male;39;Africa Magic;2025-11-18T00:24:43.000Z
1;indian_asian;1;1;Limpopo;male;33;ICC Cricket World Cup 2011;2025-11-18T00:24:42.000Z
1;black;1;1;Eastern Cape;male;24;Channel O;2025-11-18T00:24:42.000Z
1;coloured;1;1;Western Cape;male;43;ICC Cricket World Cup 2011;2025-11-18T00:24:42.000Z
1;coloured;1;1;Kwazulu Natal;male;55;CNN;2025-11-18T00:24:40.000Z
1;indian_asian;1;1;Kwazulu Natal;male;49;Channel O;2025-11-18T00:24:39.000Z
1;black;1;1;Kwazulu Natal;male;37;Trace TV;2025-11-18T00:24:39.000Z
1;black;1;1;Mpumalanga;male;21;Channel O;2025-11-18T00:24:36.000Z
1;black;1;1;Gauteng;male;47;CNN;2025-11-18T00:24:34.000Z
1;black;1;1;Western Cape;male;44;Channel O;2025-11-18T00:24:33.000Z
1;black;1;1;North West;male;27;Channel O;2025-11-18T00:24:33.000Z
1;black;1;1;Gauteng;male;25;Supersport Live Events;2025-11-18T00:24:32.000Z
1;black;1;1;Gauteng;male;31;Africa Magic;2025-11-18T00:24:32.000Z
1;coloured;1;1;Western Cape;male;45;CNN;2025-11-18T00:24:29.000Z
1;black;1;1;Northern Cape;male;41;Africa Magic;2025-11-18T00:24:22.000Z
1;None;1;1;Western Cape;male;27;Supersport Live Events;2025-11-18T00:24:22.000Z
1;coloured;1;1;Western Cape;male;36;Cartoon Network;2025-11-18T00:24:18.000Z
1;white;1;1;Western Cape;male;43;ICC Cricket World Cup 2011;2025-11-18T00:24:12.000Z
1;coloured;1;1;Western Cape;male;35;Supersport Live Events;2025-11-18T00:24:10.000Z
1;black;1;1;Kwazulu Natal;male;28;Supersport Live Events;2025-11-18T00:24:06.000Z
1;black;1;1;Gauteng;male;28;Channel O;2025-11-18T00:24:06.000Z
1;black;1;1;Kwazulu Natal;male;17;Cartoon Network;2025-11-18T00:24:05.000Z
1;black;1;1;Northern Cape;male;26;Trace TV;2025-11-18T00:24:03.000Z
1;black;1;1;Eastern Cape;male;45;Supersport Live Events;2025-11-18T00:24:02.000Z
1;black;1;1;Mpumalanga;male;25;Boomerang;2025-11-18T00:24:02.000Z
1;indian_asian;1;1;Gauteng;male;34;SuperSport Blitz;2025-11-18T00:24:00.000Z
1;black;1;1;Gauteng;male;44;Africa Magic;2025-11-18T00:24:00.000Z
1;indian_asian;1;1;Gauteng;male;27;Boomerang;2025-11-18T00:24:00.000Z
1;other;1;1;Western Cape;male;32;Boomerang;2025-11-18T00:23:55.000Z
1;black;1;1;Gauteng;female;20;Trace TV;2025-11-18T00:23:51.000Z
1;coloured;1;1;Eastern Cape;male;26;ICC Cricket World Cup 2011;2025-11-18T00:23:50.000Z
1;indian_asian;1;1;Limpopo;male;28;ICC Cricket World Cup 2011;2025-11-18T00:23:48.000Z
1;coloured;1;1;Western Cape;male;43;Trace TV;2025-11-18T00:23:48.000Z
1;indian_asian;1;1;Gauteng;male;42;Supersport Live Events;2025-11-18T00:23:48.000Z
1;white;1;1;Kwazulu Natal;female;41;Cartoon Network;2025-11-18T00:23:46.000Z
1;coloured;1;1;Gauteng;male;32;Trace TV;2025-11-18T00:23:45.000Z
1;None;1;1;Gauteng;female;28;Boomerang;2025-11-18T00:23:43.000Z
1;black;1;1;Mpumalanga;male;25;Trace TV;2025-11-18T00:23:42.000Z
1;white;1;1;Gauteng;male;44;ICC Cricket World Cup 2011;2025-11-18T00:23:40.000Z
1;white;1;1;North West;male;31;ICC Cricket World Cup 2011;2025-11-18T00:23:40.000Z
1;coloured;1;1;Western Cape;male;37;Trace TV;2025-11-18T00:23:39.000Z
1;indian_asian;1;1;Kwazulu Natal;male;21;Channel O;2025-11-18T00:23:36.000Z
1;black;1;1;Gauteng;male;37;Trace TV;2025-11-18T00:23:36.000Z
1;black;1;1;North West;male;47;ICC Cricket World Cup 2011;2025-11-18T00:23:36.000Z
1;black;1;1;Gauteng;male;40;ICC Cricket World Cup 2011;2025-11-18T00:23:34.000Z
1;coloured;1;1;Western Cape;male;24;Trace TV;2025-11-18T00:23:33.000Z
1;black;1;1;Free State;male;34;Trace TV;2025-11-18T00:23:33.000Z
1;coloured;1;1;Western Cape;male;40;ICC Cricket World Cup 2011;2025-11-18T00:23:32.000Z
1;indian_asian;1;1;Eastern Cape;male;34;Cartoon Network;2025-11-18T00:23:28.000Z
1;black;1;1;Northern Cape;male;27;Africa Magic;2025-11-18T00:23:26.000Z
1;None;1;1;Western Cape;female;47;Cartoon Network;2025-11-18T00:23:26.000Z
1;black;1;1;Western Cape;male;13;SuperSport Blitz;2025-11-18T00:23:22.000Z
1;black;1;1;Kwazulu Natal;male;24;Trace TV;2025-11-18T00:23:18.000Z
1;coloured;1;1;Eastern Cape;male;56;Supersport Live Events;2025-11-18T00:23:16.000Z
1;None;1;1;None;None;0;ICC Cricket World Cup 2011;2025-11-18T00:23:16.000Z
1;black;1;1;Gauteng;male;30;Trace TV;2025-11-18T00:23:15.000Z
1;coloured;1;1;Western Cape;male;27;Trace TV;2025-11-18T00:23:12.000Z
1;coloured;1;1;Western Cape;male;38;Trace TV;2025-11-18T00:23:12.000Z
1;black;1;1;Mpumalanga;male;45;Africa Magic;2025-11-18T00:23:11.000Z
1;coloured;1;1;Western Cape;male;36;Trace TV;2025-11-18T00:23:09.000Z
1;indian_asian;1;1;Limpopo;male;35;ICC Cricket World Cup 2011;2025-11-18T00:23:08.000Z
1;coloured;1;1;Western Cape;male;43;Trace TV;2025-11-18T00:23:06.000Z
1;None;1;1;None;None;0;Supersport Live Events;2025-11-18T00:23:04.000Z
1;black;1;1;Gauteng;male;31;Channel O;2025-11-18T00:23:03.000Z
1;black;1;1;Gauteng;male;34;CNN;2025-11-18T00:23:02.000Z
1;indian_asian;1;1;Eastern Cape;male;42;ICC Cricket World Cup 2011;2025-11-18T00:22:58.000Z
1;black;1;1;Gauteng;male;48;Boomerang;2025-11-18T00:22:58.000Z
1;indian_asian;1;1;Western Cape;male;23;Trace TV;2025-11-18T00:22:57.000Z
1;coloured;1;1;Northern Cape;male;28;Africa Magic;2025-11-18T00:22:56.000Z
1;indian_asian;1;1;Gauteng;male;39;ICC Cricket World Cup 2011;2025-11-18T00:22:56.000Z
1;indian_asian;1;1;Gauteng;male;17;ICC Cricket World Cup 2011;2025-11-18T00:22:56.000Z
1;black;1;1;North West;male;32;Channel O;2025-11-18T00:22:54.000Z
1;black;1;1;Gauteng;male;27;Boomerang;2025-11-18T00:22:54.000Z
1;None;1;1;Gauteng;male;24;Boomerang;2025-11-18T00:22:54.000Z
1;black;1;1;Gauteng;female;33;ICC Cricket World Cup 2011;2025-11-18T00:22:54.000Z
1;black;1;1;Gauteng;male;35;Channel O;2025-11-18T00:22:51.000Z
1;black;1;1;Kwazulu Natal;male;29;Channel O;2025-11-18T00:22:48.000Z
1;indian_asian;1;1;Gauteng;male;32;E! Entertainment;2025-11-18T00:22:46.000Z
1;black;1;1;Mpumalanga;male;23;Boomerang;2025-11-18T00:22:44.000Z
1;black;1;1;Western Cape;male;38;Channel O;2025-11-18T00:22:42.000Z
1;indian_asian;1;1;Gauteng;male;21;ICC Cricket World Cup 2011;2025-11-18T00:22:38.000Z
1;indian_asian;1;1;Kwazulu Natal;male;34;ICC Cricket World Cup 2011;2025-11-18T00:22:38.000Z
1;coloured;1;1;Western Cape;male;33;SuperSport Blitz;2025-11-18T00:22:38.000Z
1;indian_asian;1;1;Western Cape;male;34;Supersport Live Events;2025-11-18T00:22:36.000Z
1;coloured;1;1;Western Cape;male;37;Trace TV;2025-11-18T00:22:36.000Z
